scene_id,variant,seed,source_kind,error_mode,scenario_sha256,N,K,T,T_over_K,move_m,localization_move,n_measure,n_clear,n_clear_ok,n_optical_fallback,n_cover_visited,failure,all_certified,n_probe,n_replan,planner_wall_s,wall_s,discovery_measure,discovery_no_signal,refine_measure,refine_no_signal,measure_s,clear_s,movement_s,after_last_clear_s,failed_clears,switches,accounting_residual_s,full_success,certificate_max_distance_m,certificate_hull_margin_m,event_sha256,n_selective_probe,n_optimistic_attempt,n_early_optical_proposals,delta_T,delta_T_over_K,delta_move_m,delta_movement_s,delta_n_measure,delta_discovery_measure,delta_refine_measure,delta_discovery_no_signal,delta_refine_no_signal,delta_failed_clears,delta_n_clear,delta_n_optical_fallback,delta_measure_s,delta_clear_s,delta_after_last_clear_s,delta_switches
directional_endpoint_30033,insert400,30033,directional,endpoint,a41ac723775b54ef399b859e2ca9aaabf7d373b206216a18aba47c2f4984eb32,15,15,9767.965292523597,651.1976861682398,37234.82646261802,24474.850657282903,325,122,15,1,25,,True,11,77,0.7521189000981394,0.8466974000039045,281,266,44,16,1924.9999999999995,395.99999999999005,7446.965292523614,0.0,107,300,-7.275957614183426e-12,True,943.0121947375768,17.74943008678929,2834d1187ec98218d7bba7070f215d2a6626215cc381c4914b91bea10da6c064,0,0,0,2911.0134702664227,194.0675646844282,12810.06735133213,2562.013470266439,7,5,2,5,9,102,102,1,43.00000000000114,305.9999999999905,-182.65513426516367,8
mixed_endpoint_30080,insert400,30080,mixed,endpoint,a6ac1d967cf3ba78cf126d4086235722cd3737bf3344131a0eefc0affb89ca43,16,16,8187.603774324448,511.725235895278,32633.01887162224,19299.717610286483,263,27,16,1,23,,True,13,88,1.3648293999722227,1.4148547000077087,209,193,54,10,1548.0000000000016,113.0000000000004,6526.603774324446,0.0,11,233,9.094947017729282e-13,True,943.0121947375768,17.74943008678929,daba6a9468e93fbc995c88050ec9323e254e093c04ea5f1ca23602e780b794ba,0,0,0,2801.5936249631204,175.09960156019508,12637.968124815601,2527.593624963119,46,35,11,35,7,3,3,1,265.00000000000205,9.000000000000242,0.0,35
mixed_endpoint_30116,insert400,30116,mixed,endpoint,fa0f08624a3aad128121356aca7a651364ab2eca0f1d53c07db478f626949d1a,16,16,7001.9602818622025,437.62251761638765,28129.801409310992,16482.82467160746,215,25,16,0,20,,True,12,77,1.2954608999716584,1.3496996000176296,170,154,45,5,1269.0000000000005,107.00000000000117,5625.9602818622025,0.0,9,194,3.637978807091713e-12,True,943.0121947375768,17.74943008678929,16f136731e037a3a3c2541df065fffbce22c37d11107d8b3aebbeeb2b95b0197,0,0,0,2799.773255095238,174.98582844345236,11008.866275476175,2201.7732550952383,98,97,1,97,0,5,5,0,583.0000000000002,15.000000000001492,0.0,93
mixed_endpoint_30116,insert200,30116,mixed,endpoint,fa0f08624a3aad128121356aca7a651364ab2eca0f1d53c07db478f626949d1a,16,16,6815.520684879229,425.9700428049518,27062.60342439614,15123.119557223084,220,25,16,0,21,,True,13,74,1.30158149995259,1.3543057999922894,178,162,42,4,1295.9999999999998,106.9999999999994,5412.520684879229,0.0,9,196,9.094947017729282e-13,True,943.0121947375768,17.74943008678929,607cb404740e39cfd6cd307d57a9bacd62d3a21c6883292408f3352df69e795a,0,0,0,2613.333658112264,163.3333536320165,9941.668290561323,1988.3336581122644,103,105,-2,105,-1,5,5,0,609.9999999999995,14.99999999999973,0.0,95
mixed_smooth_30000,insert200,30000,mixed,smooth,aa7e1a39a6b02dfc9bd56d180b0230510d3f349825b1e4e6666183a0f1281128,16,16,6587.085105209021,411.6928190755638,25965.42552604512,13043.260340235996,222,16,16,0,22,,True,16,52,0.7797060000011697,0.8109626000223216,191,175,31,6,1314.000000000001,79.99999999999909,5193.085105209021,0.0,0,204,-2.7284841053187847e-12,True,943.0121947375768,17.74943008678929,0b418f3c1d1f4f90b391278bd436e16a0f209398bbe9b212a462b98359be0921,0,0,0,2558.33199207595,159.89574950474693,9476.659960379762,1895.33199207595,112,125,-13,125,-3,-2,-2,0,669.0000000000017,-6.000000000000426,0.0,109
mixed_smooth_30000,insert400,30000,mixed,smooth,aa7e1a39a6b02dfc9bd56d180b0230510d3f349825b1e4e6666183a0f1281128,16,16,6502.129898224129,406.3831186390081,25610.649491120654,13710.688060645509,220,16,16,0,21,,True,13,57,0.7830726999673061,0.8151027999992948,186,170,34,7,1299.9999999999995,79.99999999999882,5122.12989822413,0.0,0,200,-1.8189894035458565e-12,True,943.0121947375768,17.74943008678929,08f68cc285688b38d73f163cbaf209552382aeecee90faaf0217c4a1f04aa68c,0,0,0,2473.3767850910576,154.58604906819122,9121.883925455295,1824.3767850910585,110,120,-10,120,-2,-2,-2,0,655.0000000000003,-6.000000000000696,0.0,105
mixed_endpoint_30116,insert80,30116,mixed,endpoint,fa0f08624a3aad128121356aca7a651364ab2eca0f1d53c07db478f626949d1a,16,16,6670.496607137328,416.906037946083,26457.483035686648,13609.436366738928,216,24,16,0,21,,True,16,66,1.2558427000185477,1.3044876999920234,178,162,38,3,1275.0000000000005,103.9999999999988,5291.496607137328,0.0,8,195,-9.094947017729282e-13,True,943.0121947375768,17.74943008678929,067c2e6df8e6c966033bbbed3584a0739bcf05352c182be73342b943a76bec80,0,0,0,2468.3095803703636,154.26934877314773,9336.54790185183,1867.309580370364,99,105,-6,105,-2,4,4,0,589.0000000000002,11.999999999999133,0.0,94
mixed_endpoint_30110,JSO_p85,30110,mixed,endpoint,cf10a18c64171c6849adc315396d5f204546c9f6c86f8f687f75b8db2b1e351a,16,16,7488.070155139652,468.0043846962282,29810.350775698294,17541.932904496723,189,127,16,1,21,,True,15,70,1.2680359999940265,1.411924200016074,148,132,41,8,1113.0000000000005,412.9999999999904,5962.070155139656,0.0,111,168,-7.275957614183426e-12,True,943.0121947375768,17.74943008678929,3d30f24ea5de3db9e39de8722f48f6d5d6ea3b6f2c71119d16ff6d1ca8499073,15,10,0,2390.5593357759553,149.40995848599715,8507.796678879815,1701.5593357759608,61,61,0,61,0,107,107,1,367.9999999999991,320.99999999999005,0.0,63
omni_endpoint_30035,insert400,30035,omni,endpoint,42b4843e6d87a6d7c65f997dbda69c5ed53b250d92d628a02c635d361b9a7f99,16,16,5230.398273909649,326.89989211935307,22046.991369548246,12016.490212804894,123,22,16,0,16,,True,10,53,0.9703878000436816,1.0081426000106148,97,81,26,0,723.0000000000002,97.99999999999932,4409.39827390965,0.0,6,108,0.0,True,943.0121947375768,17.74943008678929,1e1d46b9c7ea0b666bad002218ccb708a7d1934206f0ad6d5e300ec6897584e1,0,0,0,2382.8032822813757,148.92520514258598,10454.016411406874,2090.803282281377,50,55,-5,55,0,-1,-1,0,295.00000000000085,-3.0000000000006395,0.0,45
boundary_endpoint_30027,insert400,30027,boundary,endpoint,7772945c701de09b7269b2634b84957e6855c8346f70d3d7419db4a178605c5a,11,11,8610.826178517857,782.8023798652597,31134.13089258929,13642.97980278976,391,14,11,0,25,,True,0,60,0.5559830999409314,0.6036583999812137,369,358,22,8,2320.0,63.999999999999226,6226.826178517859,0.0,3,365,-1.8189894035458565e-12,True,943.0121947375768,17.74943008678929,47ffb2e121d77397c86f6d335c8960e49ff31e001ebb787a6fc862ecbfe2a02e,0,0,0,1631.2840483337668,148.29854984852432,6571.420241668842,1314.2840483337704,52,57,-5,57,-4,1,1,0,313.99999999999886,3.0000000000001634,0.0,54
omni_endpoint_30035,insert200,30035,omni,endpoint,42b4843e6d87a6d7c65f997dbda69c5ed53b250d92d628a02c635d361b9a7f99,16,16,5219.744291998047,326.2340182498779,22013.72145999022,11542.626566573856,122,22,16,0,16,,True,11,50,0.778195900056744,0.80524330001208,98,82,24,0,719.0000000000009,98.0000000000009,4402.744291998046,0.0,6,109,2.7284841053187847e-12,True,943.0121947375768,17.74943008678929,d531e6ba404030cb6bbcfc05cfb124bb4a29741630fdef34d9546436c336f89d,0,0,0,2372.1493003697733,148.25933127311083,10420.74650184885,2084.149300369773,49,56,-7,56,0,-1,-1,0,291.00000000000153,-2.999999999999062,0.0,46
mixed_smooth_30000,JS,30000,mixed,smooth,aa7e1a39a6b02dfc9bd56d180b0230510d3f349825b1e4e6666183a0f1281128,16,16,6393.203890253031,399.5752431408145,25371.019451265143,13793.266987025994,208,18,16,0,19,,True,21,50,0.6219863000151236,0.6554744000022765,173,157,35,6,1233.0000000000002,86.00000000000125,5074.203890253029,0.0,2,193,2.7284841053187847e-12,True,943.0121947375768,17.74943008678929,9675d4f30640144b69f0df9cfeb60d30353f659a2fc5bb98ff8fb3bb89313fb1,21,0,0,2364.45077711996,147.77817356999762,8882.253885599785,1776.4507771199583,98,107,-9,107,-3,0,0,0,588.000000000001,1.7337242752546445e-12,0.0,98
directional_endpoint_30006,insert80,30006,directional,endpoint,4496cfcc13490f80c4240166b905f0dacdfeb26cb253424baf1a86972326a4ac,10,10,8033.390425692665,803.3390425692666,28936.952128463323,14541.775535999706,367,14,10,0,25,,True,4,58,0.4848919000069145,0.5210532000055537,343,333,24,5,2184.000000000001,62.0000000000001,5787.390425692664,0.0,4,349,9.094947017729282e-13,True,943.0121947375768,17.74943008678929,4d56602d24375a145472095c0242d4abdad197f67185f3422440d23849d2363e,0,0,0,1477.4560460692956,147.74560460692953,6687.280230346474,1337.4560460692946,23,29,-6,29,1,-2,-2,0,146.00000000000364,-6.000000000000881,-1285.0838014350147,31
mixed_smooth_30000,JSO_p85,30000,mixed,smooth,aa7e1a39a6b02dfc9bd56d180b0230510d3f349825b1e4e6666183a0f1281128,16,16,6342.443080238517,396.4026925149073,25822.215401192578,13314.129388289197,183,22,16,0,19,,True,17,57,0.7405883999890648,0.7732831000175793,149,133,34,3,1080.000000000001,97.9999999999999,5164.443080238517,0.0,6,165,9.094947017729282e-13,True,943.0121947375768,17.74943008678929,97b64d55a984f0bfdb59227b07cb4f29fc6250d7b39348407d778e024e9caf4a,17,12,0,2313.6899671054457,144.6056229440904,9333.449835527219,1866.6899671054457,73,83,-10,83,-6,4,4,0,435.0000000000017,12.000000000000384,0.0,70
mixed_endpoint_30119,bracket,30119,mixed,endpoint,ad34cf64c315086207cf48deb3d38bce93d3e8cd7b9c85698bff066bf6f0cb3c,14,14,8588.959968036925,613.4971405740661,35099.799840184634,19673.925858497943,249,27,14,0,25,,True,10,90,1.139414300036151,1.192739000020083,200,186,49,6,1460.0000000000005,108.99999999999956,7019.959968036926,0.0,13,215,-1.8189894035458565e-12,True,943.0121947375768,17.74943008678929,cf4737b8c7e2cb711f28e9e71e34d03a4239d317f765c2b8508040e77afffa4e,0,0,0,2002.510732097291,143.03648086409225,9512.553660486476,1902.510732097292,15,7,8,7,2,4,4,0,87.99999999999955,11.999999999999702,-625.7304541904896,13
omni_endpoint_30028,insert80,30028,omni,endpoint,652eb46fa6ba6ca3d9e24e450c4ed76479cc6cf208d11a5f47cdf31fda733965,10,10,7601.539849207022,760.1539849207022,28197.699246035103,11618.489389056474,320,13,10,0,25,,True,10,47,0.6409896000404842,0.6868982999876607,300,290,20,1,1903.0000000000005,59.000000000000654,5639.539849207022,0.0,3,303,9.094947017729282e-13,True,943.0121947375768,17.74943008678929,1c04808dfe9d9329233fce2e5d3d5770dce910f66adbdab53f9701051cf2dd4f,0,0,0,1420.4030612648075,142.0403061264808,6347.015306324021,1269.4030612648075,24,25,-1,25,1,1,1,0,148.00000000000023,3.000000000001471,-747.431945531308,28
boundary_endpoint_30027,insert200,30027,boundary,endpoint,7772945c701de09b7269b2634b84957e6855c8346f70d3d7419db4a178605c5a,11,11,8525.059058089948,775.005368917268,30730.295290449754,13260.170843968412,390,13,11,0,25,,True,1,56,0.6210921001038514,0.6618149999994785,370,359,20,7,2317.999999999998,61.00000000000133,6146.059058089951,0.0,2,368,-3.637978807091713e-12,True,943.0121947375768,17.74943008678929,2e0f645b78fcec4447e2f885b43faaef0932a53ab21ed56cd90af5eaead00a10,0,0,0,1545.5169279058582,140.50153890053264,6167.584639529305,1233.5169279058618,51,58,-7,58,-5,0,0,0,311.99999999999704,2.2666313270747196e-12,0.0,57
omni_endpoint_30035,JSO_r120,30035,omni,endpoint,42b4843e6d87a6d7c65f997dbda69c5ed53b250d92d628a02c635d361b9a7f99,16,16,5070.0397412774655,316.8774838298416,20510.198706387346,9592.567194384004,148,24,16,0,18,,True,24,53,0.7954337999981362,0.8357094000093639,112,96,36,2,864.0000000000008,103.99999999999656,4102.039741277469,0.0,8,124,-3.637978807091713e-12,True,943.0121947375768,17.74943008678929,13f0a84a2e9430801ada0870030aab19925eb1e2f77cb87612996ff17684c878,24,14,0,2222.444749649192,138.9027968530745,8917.223748245973,1783.4447496491962,75,70,5,70,2,1,1,0,436.0000000000014,2.9999999999966036,0.0,61
boundary_endpoint_30027,insert80,30027,boundary,endpoint,7772945c701de09b7269b2634b84957e6855c8346f70d3d7419db4a178605c5a,11,11,8499.312406176414,772.6647641978558,29976.562030882076,15028.360311140905,411,13,11,0,25,,True,1,58,0.9200108000368346,0.9743836999987252,389,378,22,8,2443.000000000002,60.999999999999325,5995.312406176416,0.0,2,388,0.0,True,943.0121947375768,17.74943008678929,2ed394cab318cb523ff60fc53ba1b8d4fbb8b3077e9bf1cc376ef23698d53952,0,0,0,1519.770275992324,138.1609341811204,5413.851379961627,1082.7702759923268,72,77,-5,77,-4,0,0,0,437.0000000000007,2.6290081223123707e-13,0.0,77
omni_endpoint_30035,JSO_outer1980,30035,omni,endpoint,42b4843e6d87a6d7c65f997dbda69c5ed53b250d92d628a02c635d361b9a7f99,16,16,5021.151039515407,313.82193996971296,20175.755197577044,9093.261926357747,151,24,16,0,18,,True,27,53,1.0575788999558426,1.1073882000055164,112,96,39,1,882.0,103.99999999999908,4035.151039515408,0.0,8,127,-1.8189894035458565e-12,True,943.0121947375768,24.92484859309843,8879de788bb1af69909cf6948392ed7b9e6ff211beeafe09ab0ad3d9f705404a,27,13,0,2173.556047887134,135.84725299294587,8582.780239435671,1716.5560478871348,78,70,8,70,1,1,1,0,454.0000000000006,2.999999999999119,0.0,64
mixed_endpoint_30026,JSO_r160,30026,mixed,endpoint,30544fd1b1ecb5c86984c73419e5f96a4563dc3c8ab4e3256329a195c181bf0b,16,16,6382.675033971678,398.9171896232299,24633.375169858387,14986.399720834936,227,27,16,0,19,,True,20,67,0.6402474000642542,0.6738026000093669,185,169,42,4,1343.0000000000005,113.0,4926.675033971678,0.0,11,208,9.094947017729282e-13,True,943.0121947375768,17.74943008678929,8b382c6dd69b81fc27809a0e3b117f2f1af3e3bb23e68c667b7a70d4d4f41553,20,12,0,2172.7693662075,135.79808538796874,7303.846831037488,1460.7693662074998,117,117,0,117,0,4,4,0,700.000000000001,12.000000000000242,0.0,115
mixed_endpoint_30026,JSO_r120,30026,mixed,endpoint,30544fd1b1ecb5c86984c73419e5f96a4563dc3c8ab4e3256329a195c181bf0b,16,16,6364.480595035684,397.7800371897303,24532.40297517841,14877.787008911737,228,26,16,0,19,,True,20,67,0.7949001999222673,0.8352627999847755,185,169,43,4,1348.000000000001,109.99999999999932,4906.480595035684,0.0,10,208,9.094947017729282e-13,True,943.0121947375768,17.74943008678929,b688fcab83a4fab626ee3d190c2fd32e81316ee54ee51968db3ab5c839a5b781,20,12,0,2154.5749272715057,134.66093295446916,7202.874636357512,1440.5749272715057,118,117,1,117,0,3,3,0,705.0000000000015,8.99999999999956,0.0,115
omni_endpoint_30035,JSO_p50,30035,omni,endpoint,42b4843e6d87a6d7c65f997dbda69c5ed53b250d92d628a02c635d361b9a7f99,16,16,4996.292018038135,312.26825112738345,20026.46009019068,9108.8953494981,152,24,16,0,18,,True,28,53,0.8632300999888685,0.908531099994434,112,96,40,1,886.9999999999991,103.9999999999998,4005.292018038137,0.0,8,127,0.0,True,943.0121947375768,17.74943008678929,45a87cdacefbdfbb07f3deff575d3afde252f6a3855a2099cf661974529285e2,28,13,0,2148.697026409862,134.29356415061636,8433.485132049309,1686.697026409864,79,70,9,70,1,1,1,0,458.9999999999997,2.9999999999998437,0.0,64
omni_endpoint_30035,JS,30035,omni,endpoint,42b4843e6d87a6d7c65f997dbda69c5ed53b250d92d628a02c635d361b9a7f99,16,16,4994.3838078482095,312.1489879905131,19916.919039241056,9016.35538791097,155,23,16,0,18,,True,31,52,0.5653356001130305,0.5991382000211161,112,96,43,2,909.9999999999992,101.00000000000033,3983.38380784821,0.0,7,135,-1.8189894035458565e-12,True,943.0121947375768,17.74943008678929,24533a6b7c773e17e1a747ff3499401f44242fe0a060dc286c1ccdfd8ff8cbc3,31,0,0,2146.788816219936,134.174301013746,8323.944081099684,1664.788816219937,82,70,12,70,2,0,0,0,481.99999999999983,3.694822225952521e-13,0.0,72
mixed_smooth_30000,aligned,30000,mixed,smooth,aa7e1a39a6b02dfc9bd56d180b0230510d3f349825b1e4e6666183a0f1281128,16,16,6172.619555262761,385.7887222039226,24408.097776313807,14254.363320998387,205,19,16,0,19,,True,9,70,0.712171500257682,0.7421523999946658,163,147,42,10,1202.0000000000011,89.00000000000023,4881.61955526276,0.0,3,177,0.0,True,943.0121947375768,17.74943008678929,65528f402f2ba78c33526af2ef8394b85b6ebd18d153d42de072488acf58c016,0,0,0,2143.8664421296903,133.9916526331057,7919.332210648448,1583.8664421296885,95,97,-2,97,1,1,1,0,557.0000000000019,3.0000000000007105,0.0,82
omni_endpoint_30035,JSO,30035,omni,endpoint,42b4843e6d87a6d7c65f997dbda69c5ed53b250d92d628a02c635d361b9a7f99,16,16,4988.165333410065,311.76033333812904,20010.82666705033,9093.261926357747,151,24,16,0,18,,True,27,53,0.7110910999763291,0.7434363000211306,112,96,39,1,881.9999999999995,103.99999999999908,4002.1653334100656,0.0,8,127,-9.094947017729282e-13,True,943.0121947375768,17.74943008678929,0d03d5453c255f6ebc4a4e7243c0b2d1736b5367859e4525d94c4f2273067b9f,27,13,0,2140.5703417817913,133.78564636136196,8417.851708908956,1683.5703417817926,78,70,8,70,1,1,1,0,454.00000000000017,2.999999999999119,0.0,64
mixed_smooth_30000,SO_doptimal,30000,mixed,smooth,aa7e1a39a6b02dfc9bd56d180b0230510d3f349825b1e4e6666183a0f1281128,16,16,6168.892287158719,385.55576794742,24764.46143579359,13913.273705317304,190,24,16,0,21,,True,20,77,1.346268600143958,1.3919377000129316,137,121,53,4,1112.0000000000002,104.00000000000118,4952.892287158719,0.0,8,162,9.094947017729282e-13,True,943.0121947375768,17.74943008678929,fafae023915c153b3fce0593229ea3dcc480d062e6a1be9365673528a321681a,20,11,0,2140.139174025648,133.75869837660312,8275.695870128231,1655.1391740256481,80,71,9,71,-5,6,6,0,467.000000000001,18.000000000001663,0.0,67
omni_endpoint_30035,JSO_compact_dopt,30035,omni,endpoint,42b4843e6d87a6d7c65f997dbda69c5ed53b250d92d628a02c635d361b9a7f99,16,16,4972.431904143648,310.776994008978,20007.15952071825,9356.453576419275,149,23,16,0,18,,True,25,52,1.2919500999851152,1.336851600004593,112,96,37,2,869.9999999999999,100.99999999999837,4001.431904143651,0.0,7,125,-1.8189894035458565e-12,True,943.0121947375768,2.074856830987301,88dbe44daf9c77e35537507271dc71db4f927825bd2ac4bd6923dcc60a56cf8e,25,12,0,2124.836912515375,132.80230703221093,8414.184562576878,1682.8369125153781,76,70,6,70,2,0,0,0,442.0000000000005,-1.5916157281026244e-12,0.0,62
omni_endpoint_30035,JSO_r160,30035,omni,endpoint,42b4843e6d87a6d7c65f997dbda69c5ed53b250d92d628a02c635d361b9a7f99,16,16,4968.365053872222,310.5228158670139,20186.82526936112,9265.197892129943,142,23,16,0,18,,True,21,49,0.8222434001218062,0.8696483999956399,112,96,30,2,830.0000000000009,100.99999999999802,4037.365053872223,0.0,7,120,-1.8189894035458565e-12,True,943.0121947375768,17.74943008678929,a781d4b503501c6c6d050e1d4b94a9b835cba6b41728009e184f64301b13b6df,21,14,0,2120.770062243949,132.5481288902468,8593.850311219749,1718.7700622439502,69,70,-1,70,2,0,0,0,402.00000000000153,-1.9326762412674725e-12,0.0,57
mixed_smooth_30000,bracket,30000,mixed,smooth,aa7e1a39a6b02dfc9bd56d180b0230510d3f349825b1e4e6666183a0f1281128,16,16,6132.405548360144,383.275346772509,23817.02774180072,14194.04029030037,218,18,16,0,18,,True,14,68,0.7491053999110591,0.7853571999876294,171,155,47,5,1283.0000000000011,86.00000000000033,4763.405548360142,0.0,2,193,0.0,True,943.0121947375768,17.74943008678929,0908c872112b349f4c053b77b10c7149945dd4d0a749f5a14a9c88ffb778ae0d,0,0,0,2103.652435227073,131.47827720169212,7328.262176135362,1465.6524352270712,108,105,3,105,-4,0,0,0,638.0000000000019,8.100187187665142e-13,0.0,98
mixed_endpoint_30110,JS,30110,mixed,endpoint,cf10a18c64171c6849adc315396d5f204546c9f6c86f8f687f75b8db2b1e351a,16,16,7195.089838617257,449.69311491357854,27930.44919308633,15831.481200098657,204,125,16,1,22,,True,35,59,1.3982999999716412,1.5530370000051337,153,137,51,9,1201.9999999999984,406.9999999999909,5586.08983861726,0.0,109,182,-9.094947017729282e-12,True,943.0121947375768,17.74943008678929,099dcf21fe843bb01a76140f97b3b3fce6d04ce44aac1f9061df111ae25e8ce5,35,0,0,2097.5790192535596,131.09868870334748,6627.89509626785,1325.579019253565,76,66,10,66,1,105,105,1,456.99999999999704,314.99999999999056,0.0,77
mixed_endpoint_30085,insert400,30085,mixed,endpoint,32672a69f321b1ac6a4b174c7187f1de8bff0f52b8c93cf553a0c37f679ce6ab,11,11,8119.3898307128,738.1263482466182,29766.949153563997,12333.8446547351,355,12,11,0,25,,True,5,58,0.717375900130719,0.7682676000113133,328,317,27,3,2108.000000000002,58.00000000000046,5953.389830712799,0.0,1,333,1.8189894035458565e-12,True,943.0121947375768,17.74943008678929,b63ca73d19b6d1a0d3b8c9560e4f4eadfc8649a3ac8707c39f41a38d97488f8d,0,0,0,1440.5997569876818,130.96361427160753,6472.998784938405,1294.5997569876808,26,24,2,24,0,-4,-4,0,158.00000000000273,-12.000000000000107,0.0,28
mixed_endpoint_30026,aligned,30026,mixed,endpoint,30544fd1b1ecb5c86984c73419e5f96a4563dc3c8ab4e3256329a195c181bf0b,16,16,6304.406362894133,394.0253976808833,23672.031814470665,13024.50080583656,250,21,16,0,21,,True,10,69,0.9021532999759074,0.9394536000036168,212,196,38,0,1475.0000000000025,95.00000000000092,4734.40636289413,0.0,5,225,0.0,True,943.0121947375768,17.74943008678929,bc5d6d845d81809b2df4b8e96b788550eae6d4573e6f6fcc016da0d8723d57d6,0,0,0,2094.5006951299547,130.90629344562217,6342.503475649766,1268.500695129952,140,144,-4,144,-4,-2,-2,0,832.0000000000031,-5.999999999998835,0.0,132
omni_endpoint_30019,insert200,30019,omni,endpoint,c100f6517d8675b5fb332ddec7b8c4de68bdb12343c039b584007bd3fdd89090,12,12,7910.940861589325,659.2450717991104,30344.70430794663,13704.143012196548,298,18,12,0,25,,True,9,66,0.758574600040447,0.7981174000015017,265,253,33,0,1763.9999999999989,78.00000000000017,6068.940861589324,0.0,6,274,-9.094947017729282e-13,True,943.0121947375768,17.74943008678929,769a1091cf72ebb3be62d338633e7cd0628be4cc1004e6dbccad623d863ff680,0,0,0,1567.6229797716142,130.63524831430118,6588.114898858072,1317.6229797716123,41,32,9,32,0,3,3,0,240.99999999999864,9.000000000000057,-365.3563715098289,36
omni_endpoint_30035,JSO_compact,30035,omni,endpoint,42b4843e6d87a6d7c65f997dbda69c5ed53b250d92d628a02c635d361b9a7f99,16,16,4934.609132534892,308.4130707834307,19743.045662674464,9093.261926357747,151,24,16,0,18,,True,27,53,0.8677808000647929,0.9136944999918342,112,96,39,1,882.0,103.99999999999862,3948.609132534893,0.0,8,127,-9.094947017729282e-13,True,943.0121947375768,2.074856830987301,1224cd92278077f006ebce375c68224b013131c7f245da559d6275480a652012,27,13,0,2087.014140906618,130.43838380666364,8150.070704533091,1630.01414090662,78,70,8,70,1,1,1,0,454.0000000000006,2.999999999998664,0.0,64
mixed_endpoint_30110,JSO_compact,30110,mixed,endpoint,cf10a18c64171c6849adc315396d5f204546c9f6c86f8f687f75b8db2b1e351a,16,16,7170.093843005599,448.1308651878499,28025.46921502805,15639.39318539327,197,124,16,1,22,,True,24,62,1.16126459982479,1.3390402999939397,153,137,44,10,1160.999999999999,403.9999999999908,5605.093843005603,0.0,108,176,-1.1823431123048067e-11,True,943.0121947375768,2.074856830987301,3a135f5e880e273bc3bb71ad027b372c909fe6dba58d6f362d0e482c2fb25b4a,24,8,0,2072.5830236419024,129.53643897761884,6722.91511820957,1344.5830236419079,69,66,3,66,2,104,104,1,415.9999999999977,311.99999999999045,0.0,71
mixed_endpoint_30026,insert80,30026,mixed,endpoint,30544fd1b1ecb5c86984c73419e5f96a4563dc3c8ab4e3256329a195c181bf0b,16,16,6275.867123728775,392.24169523304846,25034.33561864388,15971.455261226578,194,28,16,0,16,,True,11,68,0.8373155000153929,0.8803924999956507,158,142,36,3,1152.999999999999,116.00000000000028,5006.867123728775,0.0,12,183,-9.094947017729282e-13,True,943.0121947375768,17.74943008678929,dfdd60520864dee67b4ced1fd095db293f38afee2214ef7eb497873f318324b5,0,0,0,2065.961455964597,129.1225909977873,7704.8072798229805,1540.961455964597,84,90,-6,90,-1,5,5,0,509.99999999999966,15.000000000000526,0.0,90
mixed_endpoint_30110,JSO_outer1980,30110,mixed,endpoint,cf10a18c64171c6849adc315396d5f204546c9f6c86f8f687f75b8db2b1e351a,16,16,7157.625497240774,447.3515935775484,28023.12748620392,15736.334374335242,195,124,16,1,22,,True,25,59,0.8962736999092158,1.0441844000015408,153,137,42,9,1148.999999999999,403.99999999999113,5604.62549724078,0.0,108,174,-9.094947017729282e-12,True,943.0121947375768,24.92484859309843,0f2391f17da855e718b323e601db5c4f016a55e78d6cf4b3e6e9acbd26b40286,25,8,0,2060.114677877077,128.75716736731732,6720.573389385441,1344.1146778770844,67,66,1,66,1,104,104,1,403.9999999999977,311.9999999999908,0.0,69
mixed_endpoint_30079,doptimal,30079,mixed,endpoint,4cc6eb36377fac9e875703c1addef790f4e9f50084bd7266cc504ca9086f34ee,13,13,8168.608221109939,628.3544785469184,30823.041105549702,15226.035112181198,326,17,13,0,25,,True,8,76,1.2712126000842543,1.3251439000014216,283,270,43,9,1926.9999999999984,76.99999999999889,6164.608221109941,0.0,4,297,-9.094947017729282e-13,True,943.0121947375768,17.74943008678929,44ba4ef3fd175d42e38fdfd0d4579196297ce05d6ed13313ec63bb3adbc9c7c1,0,0,0,1673.4587521832427,128.72759632178787,7387.2937609162145,1477.4587521832455,33,23,10,23,6,-1,-1,0,198.99999999999727,-3.0000000000011227,-90.1196046124678,34
mixed_endpoint_30061,bracket,30061,mixed,endpoint,0ea84d0f0f885c24ad46230c61621037e57a28cc2758b80eda096648934fc045,16,16,7361.599009388497,460.099938086781,29212.995046942466,21081.76859551381,239,27,16,0,16,,True,7,97,1.5465390000317711,1.5953700999962166,177,161,62,11,1406.0000000000016,113.00000000000138,5842.599009388495,0.0,11,211,4.547473508864641e-12,True,943.0121947375768,17.74943008678929,b5b5c99be79850f6f38dd14b05bcd044a737d36e19430eb29749afbeb4b35985,0,0,0,2056.9628430205375,128.56017768878354,8989.814215102666,1797.9628430205357,42,32,10,32,7,5,5,0,244.00000000000068,15.000000000000881,0.0,34
mixed_endpoint_30026,SO,30026,mixed,endpoint,30544fd1b1ecb5c86984c73419e5f96a4563dc3c8ab4e3256329a195c181bf0b,16,16,6254.380544621181,390.8987840388238,24236.902723105897,12959.23095724502,223,21,16,0,21,,True,25,69,0.8808854001981672,0.919915000005858,170,154,53,3,1311.9999999999998,95.0000000000014,4847.380544621181,0.0,5,197,1.8189894035458565e-12,True,943.0121947375768,17.74943008678929,bb32c87f17a28e5f4d92cc04c79313f780c1560307d2aa276403a116e42f0e94,25,8,0,2044.4748768570025,127.77967980356266,6907.374384284998,1381.4748768570025,113,102,11,102,-1,-2,-2,0,669.0000000000003,-5.9999999999983515,0.0,104
mixed_endpoint_30026,O,30026,mixed,endpoint,30544fd1b1ecb5c86984c73419e5f96a4563dc3c8ab4e3256329a195c181bf0b,16,16,6250.1858220142985,390.63661387589366,23510.92911007149,12471.193013404636,246,22,16,0,20,,True,6,75,1.0272453000070527,1.0641002999909688,206,190,40,2,1449.9999999999998,97.99999999999984,4702.1858220142985,0.0,6,220,0.0,True,943.0121947375768,17.74943008678929,06d06e1f69da3303c1b1a34cb1fbe14d929f039559b6009abb47d7e86c7d510c,0,9,0,2040.2801542501202,127.51750964063251,6181.400771250592,1236.2801542501202,136,138,-2,138,-2,-1,-1,0,807.0000000000003,-2.9999999999999147,0.0,127
mixed_smooth_30000,JSO_p50,30000,mixed,smooth,aa7e1a39a6b02dfc9bd56d180b0230510d3f349825b1e4e6666183a0f1281128,16,16,6051.915138673922,378.24469616712014,22934.575693369625,10649.67370422346,232,21,16,0,21,,True,18,58,0.6528348000429105,0.683287099993322,197,181,35,2,1369.9999999999982,95.00000000000033,4586.915138673923,0.0,5,210,-2.7284841053187847e-12,True,943.0121947375768,17.74943008678929,0d344cf816f60f0570b32749bdb5123a3b86fe55313662a5b40d071463099492,18,11,0,2023.1620255408511,126.44762659630325,6445.810127704266,1289.162025540852,122,131,-9,131,-7,3,3,0,724.999999999999,9.00000000000081,0.0,115
boundary_endpoint_30031,insert80,30031,boundary,endpoint,89b287f8148e510c6a15fd4c19986bcb1f44234553b0b2847be8ec83a5c76474,11,11,8348.664286234967,758.9694805668152,30228.321431174845,13833.37416336894,378,12,11,0,25,,True,2,57,0.747300300077768,0.7963748000038322,355,344,23,9,2244.9999999999995,57.99999999999869,6045.664286234968,0.0,1,355,-1.8189894035458565e-12,True,943.0121947375768,17.74943008678929,2a772ed1ecc1640a1c4ee4429513ca9813b111dde602f12fad9ee433d8cdc334,0,0,0,1390.1407394002508,126.3764308545683,6435.70369700126,1287.1407394002536,16,19,-3,19,-4,0,0,0,102.99999999999955,-8.526512829121202e-13,-749.7319880038021,23
mixed_endpoint_30110,JSO,30110,mixed,endpoint,cf10a18c64171c6849adc315396d5f204546c9f6c86f8f687f75b8db2b1e351a,16,16,7111.609467473305,444.4755917170816,27793.047337366577,15697.457141983225,195,124,16,1,22,,True,25,59,1.1587409999629017,1.3017535000108182,153,137,42,9,1148.999999999999,403.9999999999909,5558.60946747331,0.0,108,174,-1.091393642127514e-11,True,943.0121947375768,17.74943008678929,a30cc7014db71d71098993ecf1553c294cfd9613dc871f3dd03c95d40b2cd508,25,8,0,2014.098648109608,125.88116550685055,6490.493240548098,1298.0986481096152,67,66,1,66,1,104,104,1,403.9999999999977,311.99999999999056,0.0,69
mixed_endpoint_30110,JSO_r120,30110,mixed,endpoint,cf10a18c64171c6849adc315396d5f204546c9f6c86f8f687f75b8db2b1e351a,16,16,7104.322174037155,444.02013587732216,27856.61087018582,15761.02067480247,192,124,16,1,22,,True,23,58,1.0664670999103691,1.215074600011576,153,137,39,9,1128.9999999999984,403.9999999999918,5571.32217403716,0.0,108,169,-1.0004441719502209e-11,True,943.0121947375768,17.74943008678929,c381c5671dc397dcb1b668d29037b32c567503f64063967e0c7d0acbd5f3e09a,23,9,0,2006.8113546734576,125.4257096670911,6554.0567733673415,1310.8113546734648,64,66,-2,66,1,104,104,1,383.99999999999704,311.9999999999915,0.0,64
mixed_endpoint_30067,insert200,30067,mixed,endpoint,59cf3d71655dbd6fc8e71b1f5195311ae62a1389528824b170e80793789cf04e,13,13,7742.300217206272,595.5615551697133,30236.501086031378,18307.221402322164,272,19,13,0,25,,True,12,66,0.9217020999640226,0.9794755000039004,237,224,35,8,1612.0,82.99999999999879,6047.300217206274,0.0,6,252,-2.7284841053187847e-12,True,943.0121947375768,17.74943008678929,67070be8d067c90a88bb6a831ab75318e13ac03ffe5cf6501461162f133cb0d3,0,0,0,1628.7379994602124,125.28753842001652,8143.689997301084,1628.7379994602143,-1,-9,8,-9,7,1,1,0,-2.9999999999997726,2.9999999999980247,-317.3236006611478,2
mixed_endpoint_30110,JSO_r160,30110,mixed,endpoint,cf10a18c64171c6849adc315396d5f204546c9f6c86f8f687f75b8db2b1e351a,16,16,7096.830317889553,443.55189486809707,27869.151589447814,15774.101443947882,190,125,16,1,22,,True,21,59,1.0212567000999115,1.1581749999895692,153,137,37,9,1115.999999999999,406.9999999999913,5573.830317889557,0.0,109,166,-1.091393642127514e-11,True,943.0121947375768,17.74943008678929,454b5582a5e51c7e0e77ed5730cea0bc02b8f5fd76c11be61d13ac34e8ad2cdd,21,9,0,1999.319498525856,124.957468657866,6566.597492629335,1313.3194985258615,62,66,-4,66,1,105,105,1,370.9999999999977,314.99999999999096,0.0,61
mixed_endpoint_30110,insert80,30110,mixed,endpoint,cf10a18c64171c6849adc315396d5f204546c9f6c86f8f687f75b8db2b1e351a,16,16,7095.797996946006,443.48737480912536,27333.98998473003,14877.263203779858,259,22,16,0,20,,True,13,67,1.104693299945211,1.1547872000082862,220,204,39,8,1530.9999999999986,97.99999999999996,5466.797996946008,0.0,6,236,0.0,True,943.0121947375768,17.74943008678929,d6e443cc8a03364ca2e93277d73ee5cb9b0551d1ee899c4ba1ba2114af894928,0,0,0,1998.2871775823087,124.8929485988943,6031.43588791155,1206.2871775823132,131,133,-2,133,0,2,2,0,785.9999999999973,5.999999999999602,0.0,131
boundary_endpoint_30030,insert80,30030,boundary,endpoint,d6fbf3b0f669ab095d1280b84309734322e89c640daaa6ebeb73f35c68bf58f1,11,11,8390.42641489173,762.76603771743,30012.132074458663,12658.162942302266,391,14,11,0,25,,True,1,63,1.091277500090655,1.150730199995451,365,354,26,12,2323.9999999999977,63.99999999999835,6002.426414891732,0.0,3,369,-3.637978807091713e-12,True,943.0121947375768,17.74943008678929,8d85ef606202a54cc409fab9a4684a29051b732ab9cb1392a05c99c62f8c177e,0,0,0,1361.2787718401732,123.75261562183391,6851.393859200874,1370.278771840177,-3,-3,0,-3,5,0,0,-1,-9.000000000001819,-1.8758328224066645e-12,0.0,6
