variant,label,cases,source_total,cleared_total,full_success,failures,ratio_sum_T_K,p95_T_over_K,paired_wins,paired_losses,paired_ties,worst_delta_T_over_K,worst_scene,delta_T_over_K,improvement_pct,movement_reduction_pct,probe_reduction_pct,mean_T,mean_T_over_K,mean_move_m,mean_movement_s,mean_n_measure,mean_discovery_measure,mean_refine_measure,mean_discovery_no_signal,mean_refine_no_signal,mean_failed_clears,mean_n_clear,mean_n_optical_fallback,mean_measure_s,mean_clear_s,mean_after_last_clear_s,mean_switches,N
baseline,冻结基线 TRI25 + V4,53,530,530,53,0,686.5579259423511,760.5348546252897,0,0,53,0.0,mixed_endpoint_10020,0.0,0.0,0.0,0.0,6865.579259423511,686.5579259423511,23829.971768815667,4765.994353763134,344.0566037735849,315.9811320754717,28.07547169811321,305.9811320754717,3.7358490566037736,3.9245283018867925,13.924528301886792,0.018867924528301886,2037.811320754717,61.773584905660336,569.8057790540374,317.52830188679246,10
nearest,A 就近任务调度,53,530,530,53,0,719.6249466351162,790.7962427572139,9,44,0,134.74706001137713,mixed_smooth_10029,33.06702069276509,-4.8163482560307,-7.0877608600737885,0.2467781738415109,7196.2494663511625,719.6249466351161,25518.983180812415,5103.796636162484,343.20754716981133,314.0188679245283,29.18867924528302,304.0188679245283,4.018867924528302,4.113207547169812,14.11320754716981,0.03773584905660377,2030.1132075471696,62.33962264150958,1365.9850955792497,314.07547169811323,10
reuse,B 覆盖站复用定位,53,530,530,53,0,684.4717877729643,760.9714893257294,24,16,13,41.3979197834808,omni_endpoint_10044,-2.086138169386834,0.3038546480289228,0.3288443352059689,0.25774609267892323,6844.717877729642,684.4717877729643,23751.60825657275,4750.321651314548,343.1698113207547,316.33962264150944,26.830188679245282,306.33962264150944,3.490566037735849,3.4716981132075473,13.471698113207546,0.018867924528301886,2033.9811320754718,60.41509433962254,595.7890809055149,318.1320754716981,10
early160,C 提前清除（160 m）,53,530,530,53,0,684.7671185854911,762.1035034087372,27,22,4,53.493993199205875,omni_endpoint_10037,-1.7908073568600131,0.2608384943487474,0.2985489958532317,0.41678091582123544,6847.671185854911,684.7671185854911,23758.827627387764,4751.765525477553,342.62264150943395,315.8867924528302,26.735849056603772,305.8867924528302,3.7735849056603774,4.716981132075472,14.716981132075471,0.05660377358490566,2031.754716981132,64.15094339622648,622.9567413355917,318.64150943396226,10
nearest_early,A + C,53,530,530,53,0,711.8032826540826,783.3480331906305,12,41,0,123.62363957029572,mixed_endpoint_10059,25.245356711731386,-3.677090564074459,-5.645751728897652,0.9213051823416474,7118.032826540826,711.8032826540826,25175.352811949408,5035.070562389881,340.8867924528302,314.6792452830189,26.20754716981132,304.6792452830189,3.69811320754717,4.320754716981132,14.320754716981131,0.0,2020.0,62.96226415094356,1406.5723225654924,315.5660377358491,10
nearest_reuse,A + B,53,530,530,53,0,714.2229656148405,783.8430939755577,9,44,0,112.13744763566206,mixed_endpoint_10059,27.665039672489566,-4.029527389770826,-5.989552154089672,0.2796819303537257,7142.229656148405,714.2229656148406,25257.28035621373,5051.4560712427465,343.0943396226415,314.1698113207547,28.92452830188679,304.1698113207547,3.8679245283018866,3.5283018867924527,13.528301886792454,0.018867924528301886,2030.1886792452829,60.584905660377494,1297.3122663134855,314.7169811320755,10
reuse_early,B + C,53,530,530,53,0,683.9731209349809,758.4961576403973,28,24,1,47.083319754170816,mixed_smooth_10047,-2.5848050073701105,0.376487534365344,0.5039422964379314,0.32903756512202564,6839.7312093498085,683.9731209349809,23709.88246184339,4741.976492368678,342.92452830188677,316.79245283018867,26.132075471698112,306.79245283018867,3.69811320754717,4.452830188679245,14.452830188679245,0.05660377358490566,2034.3962264150944,63.35849056603786,617.013803411641,319.77358490566036,10
full,A + B + C,53,530,530,53,0,705.5551581202761,781.4107332408859,14,39,0,111.9032777670244,mixed_endpoint_10059,18.997232177925056,-2.767025397288969,-4.623372667150405,1.6122840690978912,7055.551581202762,705.5551581202762,24931.720170164754,4986.344034032951,338.50943396226415,312.7169811320755,25.79245283018868,302.7169811320755,3.3962264150943398,4.320754716981132,14.320754716981131,0.0,2006.245283018868,62.962264150943554,1277.3686963803657,313.6981132075472,10
center_route,按源中心规划联合路线,53,530,530,53,0,677.1513530001913,777.8840404648092,36,17,0,71.51156650744781,boundary_endpoint_10047,-9.406572942159734,1.3701062338255965,1.2967195067993265,1.7768028516589096,6771.513530001913,677.1513530001912,23520.963876424667,4704.192775284933,337.9433962264151,316.2641509433962,21.67924528301887,306.2641509433962,3.7547169811320753,3.6792452830188678,13.679245283018869,0.0,2006.2830188679245,61.03773584905647,643.8749439990713,316.5660377358491,10
probe_off,关闭已发现频道顺路探测,53,530,530,53,0,704.6453268246742,760.5348546252897,4,44,5,104.92067837890306,mixed_smooth_10029,18.087400882323152,-2.6345047080327477,-3.7072081178283645,-0.1316150260487925,7046.453268246742,704.6453268246743,24713.39841670541,4942.679683341083,344.50943396226415,316.64150943396226,27.867924528301888,306.64150943396226,3.943396226415094,5.0,15.0,0.1509433962264151,2038.7735849056603,65.00000000000014,603.8520044438334,316.22641509433964,10
early120,提前清除（120 m）,53,530,530,53,0,682.7876402158045,760.5348546252897,28,15,10,45.03438698280581,mixed_endpoint_10105,-3.7702857265465672,0.549157701642089,0.7641603345330261,0.1754867013984196,6827.876402158045,682.7876402158045,23647.872576827966,4729.574515365593,343.45283018867923,315.9433962264151,27.50943396226415,305.9433962264151,3.849056603773585,4.245283018867925,14.245283018867925,0.03773584905660377,2035.566037735849,62.73584905660384,642.058172998356,318.3018867924528,10
probe_strict,收紧顺路探测门槛,53,530,530,53,0,694.7959375509573,760.5348546252897,9,32,12,52.61027615879061,omni_endpoint_10023,8.238011608606115,-1.1999004450059747,-1.6869299047135522,-0.010967918837390123,6947.959375509573,694.7959375509571,24231.96668886862,4846.393337773724,344.0943396226415,316.33962264150944,27.754716981132077,306.33962264150944,3.509433962264151,4.679245283018868,14.679245283018869,0.05660377358490566,2037.5283018867924,64.03773584905649,558.5897737282048,317.0566037735849,10
probe_loose,放宽顺路探测门槛,53,530,530,53,0,684.8831873365557,760.5348546252897,18,18,17,23.143777931530053,directional_endpoint_10020,-1.674738605795397,0.2439326009523013,0.4333418149983004,-0.1754867013983974,6848.831873365557,684.8831873365557,23726.7065366391,4745.341307327821,344.66037735849056,316.33962264150944,28.32075471698113,306.33962264150944,3.811320754716981,3.792452830188679,13.79245283018868,0.018867924528301886,2042.1132075471698,61.37735849056608,590.7129622561598,318.811320754717,10
early220,提前清除（220 m）,53,530,530,53,0,688.1287493141406,765.596895997229,22,30,1,54.65613909909712,mixed_smooth_10029,1.5708233717894962,-0.22879691755557374,-0.28960532296138375,0.28516588977240964,6881.287493141405,688.1287493141406,23898.98463551835,4779.796927103671,343.07547169811323,316.54716981132077,26.528301886792452,306.54716981132077,3.7169811320754715,5.150943396226415,15.150943396226415,0.018867924528301886,2036.0377358490566,65.45283018867914,651.7499869394708,320.66037735849056,10
finish_source,选中一个源后连续清除,53,530,530,53,0,783.7401672478907,826.2627644806273,1,51,1,214.03600596177375,mixed_smooth_10020,97.18224130553962,-14.154995177158568,-21.1635290952082,1.4203454894433865,7837.401672478907,783.7401672478908,28873.234777488873,5774.646955497775,339.1698113207547,311.188679245283,27.9811320754717,301.188679245283,4.018867924528302,5.150943396226415,15.150943396226415,0.05660377358490566,1997.3018867924534,65.4528301886792,2072.268708348192,301.45283018867923,10
compact,仅外圈半径 1950→1900 m,53,530,530,53,0,678.4384541262973,750.2990329353653,47,6,0,39.703333370863334,mixed_endpoint_10096,-8.119471816053762,1.1826346342020733,1.6497854296156578,0.10419522895530609,6784.3845412629735,678.4384541262974,23436.828366692225,4687.365673338445,343.6981132075472,316.39622641509436,27.30188679245283,306.39622641509436,3.3207547169811322,3.6226415094339623,13.622641509433961,0.018867924528301886,2036.1509433962265,60.86792452830196,561.0482639398055,317.66037735849056,10
full_compact,A + B + C + 外圈微调,53,530,530,53,0,694.9169863081964,759.3505116377725,19,34,0,86.08772090088587,mixed_endpoint_10088,8.359060365845389,-1.2175316968880523,-2.3588108586182877,1.5629284343295913,6949.169863081965,694.9169863081964,24392.075730504166,4878.415146100833,338.6792452830189,312.8867924528302,25.79245283018868,302.8867924528302,3.3773584905660377,4.39622641509434,14.39622641509434,0.0,2007.566037735849,63.18867924528312,1255.9732968524265,314.1698113207547,10
proxy_compact,源中心路线 + 外圈微调,53,530,530,53,0,666.0865711366324,753.3733869301744,43,10,0,39.4526189327604,mixed_smooth_10029,-20.471354805718708,2.9817374517408846,3.507481667784096,2.0126131066630193,6660.865711366324,666.0865711366325,22994.13987758634,4598.827975517267,337.1320754716981,315.6981132075472,21.433962264150942,305.6981132075472,3.490566037735849,3.5283018867924527,13.528301886792454,0.0,2001.4528301886792,60.58490566037737,689.3689931452809,315.79245283018867,10
every_stop,A + B + C，每次停车扫未知频道,53,530,530,53,0,951.9666962902969,1103.9748840761094,0,53,0,441.98000288759795,mixed_endpoint_10059,265.4087703479458,-38.65788454537946,-3.7778048874153036,-120.2632300520976,9519.66696290297,951.9666962902969,24730.22160696768,4946.044321393536,757.8301886792453,731.7169811320755,26.11320754716981,721.7169811320755,3.6792452830188678,4.226415094339623,14.226415094339623,0.0,4510.943396226414,62.67924528301891,1318.121109162104,721.7924528301887,10
proxy_reuse_early_compact,源中心路线 + B + C + 外圈微调,53,530,530,53,0,667.5850367703757,757.9904449320209,40,13,0,40.090863526028784,mixed_smooth_10029,-18.972889171975524,2.7634797378435327,3.232266658375338,2.0729366602687316,6675.850367703757,667.5850367703754,23059.723536631995,4611.944707326397,336.92452830188677,315.9811320754717,20.943396226415093,305.9811320754717,3.509433962264151,4.150943396226415,14.150943396226415,0.0,2001.4528301886792,62.45283018867916,647.4204576752528,316.8301886792453,10
baseline,冻结基线 TRI25 + V4,73,803,803,73,0,622.7257743436746,681.9447697509806,0,0,73,0.0,mixed_endpoint_10000,0.0,0.0,0.0,0.0,6849.983517780421,622.7257743436746,24073.273753285674,4814.654750657133,332.4109589041096,302.2739726027397,30.136986301369863,291.2739726027397,3.7945205479452055,3.7534246575342465,14.753424657534246,0.0273972602739726,1969.0684931506848,66.26027397260269,459.2906223966285,307.013698630137,11
nearest,A 就近任务调度,73,803,803,73,0,655.5768654924228,713.3634023075834,13,60,0,129.04988196640022,mixed_endpoint_10184,32.85109114874808,-5.27537039612207,-7.268740137898622,-0.5439709882139709,7211.345520416651,655.5768654924227,25823.09746509695,5164.619493019391,334.2191780821918,303.3835616438356,30.835616438356166,292.3835616438356,3.3698630136986303,4.63013698630137,15.63013698630137,0.0273972602739726,1977.835616438356,68.8904109589042,862.2125461985883,306.73972602739724,11
reuse,B 覆盖站复用定位,73,803,803,73,0,621.7416866641892,686.0169910974438,37,30,6,84.17747596068887,mixed_endpoint_10184,-0.9840876794853962,0.15802905870124784,0.34746155082242547,-0.14011373938844773,6839.158553306082,621.7416866641893,23989.628382968764,4797.925676593754,332.8767123287671,303.9178082191781,28.958904109589042,292.9178082191781,3.863013698630137,4.47945205479452,15.479452054794521,0.0273972602739726,1972.7945205479452,68.43835616438353,366.19235354155916,308.4109589041096,11
early160,C 提前清除（160 m）,73,803,803,73,0,624.5713503427309,700.7067508219084,27,44,2,69.98046954513256,mixed_smooth_10030,1.8455759990560843,-0.29637058157760965,-0.4725861346762672,0.3997362564905571,6870.284853770038,624.5713503427306,24187.040707206357,4837.408141441271,331.0821917808219,303.2191780821918,27.863013698630137,292.2191780821918,3.835616438356164,4.438356164383562,15.438356164383562,0.0,1964.5616438356165,68.31506849315069,465.6228696127266,309.1506849315069,11
probe_off,关闭已发现频道顺路探测,73,803,803,73,0,643.0230422421913,724.5438133633261,13,53,7,143.09801499199352,mixed_smooth_10045,20.29726789851664,-3.25942312567824,-4.656077498435951,0.5975438885683637,7073.253464664104,643.0230422421913,25194.14403564929,5038.8288071298575,330.4246575342466,300.8082191780822,29.616438356164384,289.8082191780822,3.863013698630137,8.027397260273972,19.027397260273972,0.0821917808219178,1955.3424657534247,79.08219178082221,432.3142499913454,303.2191780821918,11
nearest_early,A + C,73,803,803,73,0,650.0535001631604,715.3765727992443,18,55,0,130.84864277629083,mixed_endpoint_10184,27.327725819485806,-4.38840448643516,-6.053198319420994,-0.11538778537871774,7150.588501794765,650.0535001631605,25530.47675554917,5106.095351109834,332.7945205479452,304.8082191780822,27.986301369863014,293.8082191780822,3.328767123287671,5.424657534246576,16.424657534246574,0.0136986301369863,1973.2191780821918,71.27397260273992,816.2351561225842,309.24657534246575,11
nearest_reuse,A + B,73,803,803,73,0,647.4804166219011,703.6134997704245,16,57,0,132.35784463477967,mixed_endpoint_10082,24.75464227822647,-3.975207595079344,-5.440005919031021,-0.4533091568449832,7122.284582840913,647.4804166219011,25382.861270368947,5076.57225407379,333.9178082191781,304.2191780821918,29.698630136986303,293.2191780821918,3.1232876712328768,4.397260273972603,15.397260273972602,0.0136986301369863,1977.5205479452052,68.19178082191793,770.0060757596502,307.93150684931504,11
full,A + B + C,73,803,803,73,0,645.1219739294487,707.8324717508519,19,54,0,113.15578530384084,mixed_endpoint_10184,22.396199585774088,-3.59647866019015,-4.884672430969972,-0.1895656474079077,7096.341713223936,645.1219739294487,25249.17431954434,5049.834863908868,333.041095890411,305.5890410958904,27.45205479452055,294.5890410958904,3.2465753424657535,5.383561643835616,16.383561643835616,0.0136986301369863,1975.3561643835617,71.150684931507,759.6808585302449,310.1506849315069,11
reuse_early,B + C,73,803,803,73,0,621.8916616411976,698.596717962446,38,35,0,74.6695594981428,mixed_endpoint_10160,-0.8341127024770019,0.13394542780185148,0.10293701006033329,0.48627709552460097,6840.808278053174,621.8916616411976,24048.49344506039,4809.698689012079,330.7945205479452,303.7808219178082,27.013698630136986,292.7808219178082,3.7534246575342465,4.301369863013699,15.301369863013699,0.0,1963.2054794520548,67.90410958904116,399.1795839940062,309.2328767123288,11
probe_strict,收紧顺路探测门槛,73,803,803,73,0,629.5402323529469,694.7180469977075,23,40,10,143.00172847946965,mixed_smooth_10045,6.8144580092722125,-1.094295160089409,-1.5711192915446093,0.2019286244127616,6924.942555882415,629.5402323529468,24451.49360132989,4890.298720265977,331.73972602739724,302.26027397260276,29.47945205479452,291.26027397260276,3.4383561643835616,4.972602739726027,15.972602739726028,0.0273972602739726,1964.7260273972602,69.91780821917791,395.2724002239653,306.027397260274,11
probe_loose,放宽顺路探测门槛,73,803,803,73,0,625.1682922235252,681.5990265263439,18,29,26,67.75124307365115,mixed_endpoint_10066,2.442517879850492,-0.3922300923588251,-0.4399643643942408,-0.29671144811671546,6876.851214458777,625.1682922235251,24179.187579143203,4835.837515828639,333.3972602739726,302.45205479452056,30.945205479452056,291.45205479452056,4.191780821917808,3.7260273972602738,14.726027397260275,0.0273972602739726,1974.835616438356,66.17808219178082,474.7952645575426,307.8493150684931,11
early120,提前清除（120 m）,73,803,803,73,0,621.5098166600902,683.4687014659847,35,29,9,69.98046954513256,mixed_smooth_10030,-1.2159576835843846,0.19526374749238018,0.263867344610369,0.1895656474078855,6836.607983260993,621.5098166600902,24009.75224507209,4801.950449014417,331.7808219178082,303.013698630137,28.767123287671232,292.013698630137,3.808219178082192,4.068493150684931,15.068493150684931,0.0136986301369863,1967.4520547945206,67.20547945205467,431.83761063251757,308.54794520547944,11
early220,提前清除（220 m）,73,803,803,73,0,621.7956505373865,700.7067508219084,31,41,1,67.33220525761305,mixed_endpoint_10184,-0.9301238062881965,0.14936330638770645,0.13852951829295135,0.5439709882139598,6839.752155911251,621.7956505373865,24039.9251631179,4807.985032623579,330.6027397260274,303.8904109589041,26.71232876712329,292.8904109589041,3.808219178082192,4.589041095890411,15.58904109589041,0.0,1963.0,68.76712328767121,404.66449498384,309.986301369863,11
center_route,按源中心规划联合路线,73,803,803,73,0,626.4662667077657,746.6054326277667,38,35,0,101.77732805176015,boundary_endpoint_10045,3.740492364091145,-0.6006644526691529,-1.3507890042381732,1.5247671639330607,6891.128933785423,626.4662667077658,24398.452888105203,4879.690577621041,327.3424657534247,303.3835616438356,23.958904109589042,292.3835616438356,4.671232876712328,4.616438356164384,15.616438356164384,0.0410958904109589,1942.5890410958905,68.84931506849318,411.31426701697166,305.8767123287671,11
finish_source,选中一个源后连续清除,73,803,803,73,0,722.2696668940342,775.621871786589,0,73,0,234.6083068578996,mixed_endpoint_10184,99.54389255035956,-15.985189091502505,-22.51167708826456,-0.7747465589714064,7944.966335834377,722.2696668940342,29492.571405199273,5898.5142810398565,334.986301369863,305.35616438356163,29.63013698630137,294.35616438356163,3.8904109589041096,6.4520547945205475,17.45205479452055,0.136986301369863,1972.0958904109589,74.35616438356158,1472.0844594625414,297.16438356164383,11
every_stop,A + B + C，每次停车扫未知频道,73,803,803,73,0,865.8557311481849,987.1743904879669,0,73,0,416.74244555615144,directional_endpoint_10031,243.1299568045102,-39.0428607296299,-4.310855570537364,-124.08307920547266,9524.413042630034,865.8557311481849,25111.037815889893,5022.207563177978,744.8767123287671,716.8904109589041,27.986301369863014,705.8904109589041,3.5753424657534247,4.671232876712328,15.67123287671233,0.0136986301369863,4433.191780821918,69.01369863013676,870.2760213157184,708.8082191780821,11
compact,仅外圈半径 1950→1900 m,73,803,803,73,0,614.0415540506144,684.8586957047302,60,13,0,34.69633388768182,boundary_endpoint_10049,-8.684220293060237,1.3945496799474877,1.9473732757929185,0.05357290035439277,6754.457094556758,614.0415540506144,23604.477253605713,4720.895450721142,332.2328767123288,302.24657534246575,29.986301369863014,291.24657534246575,4.0,3.4246575342465753,14.424657534246576,0.0273972602739726,1968.2876712328766,65.27397260273976,449.82972837769324,307.1232876712329,11
full_compact,A + B + C + 外圈微调,73,803,803,73,0,636.2101006478002,697.1888972806695,25,48,0,95.14804795213854,mixed_endpoint_10045,13.484326304125696,-2.1653714780535127,-2.764651219176706,-0.4203412181653432,6998.311107125803,636.2101006478005,24738.81580960162,4947.763161920325,333.8082191780822,306.26027397260276,27.54794520547945,295.26027397260276,3.712328767123288,5.1506849315068495,16.15068493150685,0.0136986301369863,1980.0958904109589,70.45205479452059,748.4881762299198,311.05479452054794,11
proxy_compact,源中心路线 + 外圈微调,73,803,803,73,0,615.5310276466294,713.0427874197306,44,29,0,70.89905552571918,directional_endpoint_10045,-7.194746697045372,1.1553635634607096,1.2525632750907345,1.2981125855105802,6770.841304112922,615.5310276466292,23771.740767139956,4754.348153427991,328.09589041095893,304.2739726027397,23.82191780821918,293.2739726027397,4.589041095890411,4.712328767123288,15.712328767123287,0.0410958904109589,1947.3561643835617,69.13698630136979,344.3093366218357,306.8767123287671,11
proxy_reuse_early_compact,源中心路线 + B + C + 外圈微调,73,803,803,73,0,612.3928724983542,719.8236323830723,47,26,0,72.07731982376708,mixed_endpoint_10184,-10.332901845320434,1.6593020990998575,2.0614346517965676,1.0961839610978408,6736.321597481896,612.3928724983542,23577.018946313594,4715.4037892627175,328.7671232876712,305.5342465753425,23.232876712328768,294.5342465753425,4.6438356164383565,4.493150684931507,15.493150684931507,0.0136986301369863,1952.4383561643835,68.47945205479456,283.43436863448767,308.6027397260274,11
baseline,冻结基线 TRI25 + V4,45,540,540,45,0,573.2194666692021,635.9076841140236,0,0,45,0.0,mixed_endpoint_10003,0.0,0.0,0.0,0.0,6878.633600030425,573.2194666692021,24733.612444596572,4946.722488919315,314.6222222222222,283.4222222222222,31.2,271.4222222222222,3.8666666666666667,3.1555555555555554,15.155555555555555,0.0,1862.4444444444443,69.46666666666668,349.9294335986015,289.3333333333333,12
nearest,A 就近任务调度,45,540,540,45,0,599.1427707543521,668.2119851356205,10,35,0,90.5499663325595,mixed_endpoint_10006,25.923304085150065,-4.522404697066951,-6.09453329345071,-0.5297358383952622,7189.713249052225,599.1427707543522,26241.010689705578,5248.202137941116,316.2888888888889,284.02222222222224,32.266666666666666,272.02222222222224,3.6666666666666665,4.044444444444444,16.044444444444444,0.06666666666666667,1869.3777777777777,72.13333333333341,767.4237739612413,287.93333333333334,12
reuse,B 覆盖站复用定位,45,540,540,45,0,561.0321725530756,634.3431105230339,33,9,3,31.034541813441365,mixed_smooth_10039,-12.187294116126676,2.12611309014733,2.2511600510049967,1.8717332956632138,6732.386070636907,561.0321725530755,24176.819242073416,4835.363848414683,308.73333333333335,278.3777777777778,30.355555555555554,266.3777777777778,3.8222222222222224,3.2,15.2,0.044444444444444446,1827.4222222222222,69.6,312.10834295183173,283.75555555555553,12
early160,C 提前清除（160 m）,45,540,540,45,0,571.4707042329749,637.0709211219122,25,16,4,43.83843535524716,omni_endpoint_10005,-1.748762436227417,0.3050772937613022,0.21802616295716337,0.9252719310637092,6857.648450795698,571.4707042329748,24679.686698422927,4935.937339684585,311.7111111111111,282.8,28.91111111111111,270.8,3.6666666666666665,4.333333333333333,16.333333333333332,0.022222222222222223,1848.7111111111112,73.00000000000011,415.1134988306034,290.15555555555557,12
nearest_reuse,A + B,45,540,540,45,0,591.4320618904532,653.9878669510886,14,31,0,86.31186289981201,mixed_smooth_10006,18.212595221251096,-3.1772464614781226,-4.255028990606036,-0.4591043932758998,7097.184742685438,591.4320618904532,25786.0348245383,5157.20696490766,316.06666666666666,284.75555555555553,31.31111111111111,272.75555555555553,3.4444444444444446,3.6444444444444444,15.644444444444444,0.044444444444444446,1869.0444444444445,70.93333333333344,764.8740681271995,288.7111111111111,12
nearest_early,A + C,45,540,540,45,0,604.3774238201331,666.0677192577696,8,37,0,90.49022809249732,mixed_smooth_10006,31.157957150930987,-5.435606946843574,-7.748024362544781,0.8475773414323928,7252.529085841597,604.377423820133,26649.978762541323,5329.995752508265,311.9555555555556,281.55555555555554,30.4,269.55555555555554,3.4,5.222222222222222,17.22222222222222,0.06666666666666667,1846.8666666666666,75.66666666666679,992.5257913249786,287.0888888888889,12
full,A + B + C,45,540,540,45,0,592.360796796423,653.9878669510886,11,34,0,127.11453876881342,mixed_endpoint_10121,19.141330127220773,-3.339267285956793,-4.796584806120019,0.7345670292414064,7108.329561557075,592.3607967964228,25919.981141118704,5183.996228223741,312.31111111111113,282.6666666666667,29.644444444444446,270.6666666666667,3.511111111111111,4.933333333333334,16.933333333333334,0.044444444444444446,1849.5333333333333,74.80000000000011,805.3713473649972,287.97777777777776,12
reuse_early,B + C,45,540,540,45,0,566.7629981291865,642.0149624880723,31,14,0,43.24962163197665,mixed_endpoint_10121,-6.456468540015751,1.1263519324513083,0.787274589065623,2.401469134058476,6801.155977550238,566.7629981291865,24538.89099886229,4907.778199772459,307.06666666666666,278.55555555555554,28.511111111111113,266.55555555555554,4.0,4.333333333333333,16.333333333333332,0.044444444444444446,1820.3777777777775,73.00000000000014,462.5447087530299,285.0444444444444,12
probe_off,关闭已发现频道顺路探测,45,540,540,45,0,596.6518005868618,649.9450939969253,1,39,5,58.67028998123806,mixed_endpoint_10134,23.43233391765965,-4.087846851018084,-5.5580955508085506,0.014126289023863592,7159.821607042342,596.6518005868618,26108.33025743393,5221.666051486785,314.5777777777778,282.06666666666666,32.51111111111111,270.06666666666666,4.311111111111111,6.288888888888889,18.288888888888888,0.13333333333333333,1859.2888888888888,78.86666666666663,391.7650213305918,286.4,12
probe_strict,收紧顺路探测门槛,45,540,540,45,0,582.4019368861277,639.7549411666148,7,31,7,63.075993647504674,omni_endpoint_10005,9.182470216925623,-1.6019117896120871,-2.115220477435975,-0.17657861279842813,6988.823242633533,582.4019368861276,25256.78287983433,5051.356575966866,315.1777777777778,283.53333333333336,31.644444444444446,271.53333333333336,3.6444444444444444,4.288888888888889,16.288888888888888,0.044444444444444446,1864.6,72.8666666666669,335.1174035219588,288.7111111111111,12
probe_loose,放宽顺路探测门槛,45,540,540,45,0,571.7803549985148,635.9076841140236,12,16,17,28.094339320185327,mixed_endpoint_10189,-1.4391116706872746,0.2510577107664447,0.41963601118991667,-0.14126289023874694,6861.364259982178,571.7803549985148,24629.82129991089,4925.964259982179,315.06666666666666,283.5111111111111,31.555555555555557,271.5111111111111,3.977777777777778,3.2444444444444445,15.244444444444444,0.0,1865.6666666666667,69.73333333333335,375.02257071053214,290.3333333333333,12
early220,提前清除（220 m）,45,540,540,45,0,569.2822785879666,636.2760547971428,22,21,2,38.567885636239566,mixed_smooth_10005,-3.9371880812356155,0.6868552640253767,0.577298770042356,1.469134058482835,6831.3873430556,569.2822785879665,24590.825604166883,4918.165120833375,310.0,281.3777777777778,28.622222222222224,269.3777777777778,3.7555555555555555,4.644444444444445,16.644444444444446,0.022222222222222223,1839.2888888888888,73.93333333333348,390.2192655598873,289.2888888888889,12
early120,提前清除（120 m）,45,540,540,45,0,573.6237040967306,638.0722393315701,21,19,5,47.5136431595231,omni_endpoint_10005,0.4042374275284778,-0.0705205337629966,-0.038763358997861985,0.12007345670290714,6883.484449160767,573.6237040967306,24743.20002358162,4948.640004716322,314.24444444444447,284.44444444444446,29.8,272.44444444444446,3.6666666666666665,3.977777777777778,15.977777777777778,0.0,1862.911111111111,71.9333333333335,325.20033265015536,291.68888888888887,12
center_route,按源中心规划联合路线,45,540,540,45,0,562.772050532542,628.3557720742022,29,16,0,85.84167661384629,mixed_endpoint_10121,-10.447416136660133,1.8225857187591177,2.523603468482838,0.4308518152281393,6753.264606390504,562.772050532542,24109.434143063634,4821.886828612726,313.26666666666665,287.6666666666667,25.6,275.6666666666667,4.6,4.622222222222222,16.622222222222224,0.0,1857.5111111111112,73.86666666666642,391.5525598522851,291.1777777777778,12
finish_source,选中一个源后连续清除,45,540,540,45,0,663.7468914156461,709.848895505597,1,44,0,186.14459292118477,mixed_endpoint_10134,90.5274247464441,-15.79280363112412,-22.65554369070624,1.6103969487215708,7964.962696987754,663.7468914156462,30337.146818272104,6067.429363654422,309.55555555555554,277.9555555555556,31.6,265.9555555555556,3.7777777777777777,6.155555555555556,18.155555555555555,0.06666666666666667,1819.0666666666673,78.46666666666671,1493.8100428588791,271.2888888888889,12
compact,仅外圈半径 1950→1900 m,45,540,540,45,0,564.5877398241262,627.7113029013065,39,6,0,34.72257489779645,mixed_endpoint_10188,-8.631726845075965,1.505832817442887,2.0346277567223514,0.14832603475066763,6775.052877889514,564.5877398241262,24230.375500558683,4846.075100111736,314.15555555555557,282.97777777777776,31.177777777777777,270.97777777777776,3.7333333333333334,3.1333333333333333,15.133333333333333,0.0,1859.5777777777778,69.39999999999995,370.91770822133145,288.8,12
full_compact,A + B + C + 外圈微调,45,540,540,45,0,577.2867664200743,631.7359294545788,21,24,0,75.70420095108,mixed_endpoint_10121,4.067299750872174,-0.7095536679007086,-0.9031083465304901,0.10594716767904355,6927.441197040892,577.2867664200743,24956.98376298224,4991.396752596446,314.2888888888889,284.9555555555556,29.333333333333332,272.9555555555556,3.422222222222222,4.711111111111111,16.711111111111112,0.044444444444444446,1861.9111111111115,74.13333333333358,729.7280140276451,290.46666666666664,12
every_stop,A + B + C，每次停车扫未知频道,45,540,540,45,0,800.1249854838641,900.1153397695579,0,45,0,335.3561171195047,mixed_endpoint_10006,226.90551881466203,-39.58440562619734,-3.309926781002437,-135.84545839807882,9601.499825806368,800.1249854838642,25552.276906809635,5110.455381361926,742.0222222222222,711.4444444444445,30.57777777777778,699.4444444444445,3.6,5.4,17.4,0.044444444444444446,4414.844444444445,76.19999999999999,842.154534666666,704.7333333333333,12
proxy_compact,源中心路线 + 外圈微调,45,540,540,45,0,558.5134708758006,629.9850456466851,30,15,0,76.80102476129423,mixed_endpoint_10121,-14.705995793401573,2.5655087882575756,3.686049027329197,0.056505156095487674,6702.161650509607,558.5134708758005,23821.919363659144,4764.38387273183,314.44444444444446,288.75555555555553,25.68888888888889,276.75555555555553,4.911111111111111,4.266666666666667,16.266666666666666,0.0,1864.9777777777779,72.80000000000005,408.0142163025947,292.75555555555553,12
proxy_reuse_early_compact,源中心路线 + B + C + 外圈微调,45,540,540,45,0,553.3396435664292,637.6870377555391,33,12,0,72.93222431430104,boundary_endpoint_10005,-19.87982310277284,3.468099787030665,4.844107273789899,0.4167255262042535,6640.07572279715,553.3396435664292,23535.48972509687,4707.097945019374,313.31111111111113,288.8888888888889,24.42222222222222,276.8888888888889,4.977777777777778,4.4222222222222225,16.42222222222222,0.0,1859.7111111111112,73.26666666666661,428.9433939653291,293.15555555555557,12
baseline,冻结基线 TRI25 + V4,78,1014,1014,78,0,528.078762387176,622.4602362099176,0,0,78,0.0,mixed_endpoint_10001,0.0,0.0,0.0,0.0,6865.023911033287,528.0787623871759,25184.478529525408,5036.895705905082,296.0128205128205,262.7435897435897,33.26923076923077,249.74358974358975,3.7948717948717947,4.256410256410256,17.256410256410255,0.05128205128205128,1750.3589743589744,77.76923076923084,425.80728670479556,270.29487179487177,13
nearest,A 就近任务调度,78,1014,1014,78,0,556.2366393320737,610.5453083024751,15,63,0,101.07303266184834,omni_endpoint_10046,28.157876944897883,-5.332135838527274,-6.756065836906466,-1.6284810948936634,7231.076311316958,556.2366393320738,26885.95847966172,5377.1916959323435,300.8333333333333,264.9871794871795,35.84615384615385,251.98717948717947,3.8461538461538463,4.487179487179487,17.487179487179485,0.0641025641025641,1775.423076923077,78.46153846153835,858.9998665428421,271.2564102564103,13
reuse,B 覆盖站复用定位,78,1014,1014,78,0,524.7511496797902,604.897685026673,40,35,3,45.97685635717977,omni_endpoint_10024,-3.327612707385765,0.6301356813410264,1.0095247500587545,-0.4331066741738443,6821.764945837272,524.7511496797902,24930.234985596617,4986.046997119323,297.29487179487177,264.14102564102564,33.15384615384615,251.14102564102564,4.038461538461538,4.038461538461538,17.03846153846154,0.05128205128205128,1758.6025641025642,77.11538461538463,410.87975179644,272.12820512820514,13
early160,C 提前清除（160 m）,78,1014,1014,78,0,526.8184627813749,607.3670159012532,37,38,3,63.45379175457549,directional_endpoint_10025,-1.260299605800916,0.23865750633556004,0.2949883165607736,0.40278920698167964,6848.640016157874,526.8184627813749,25110.18726027655,5022.0374520553105,294.8205128205128,263.44871794871796,31.371794871794872,250.44871794871796,4.038461538461538,5.0,18.0,0.02564102564102564,1746.6025641025642,80.0,371.4314479282274,272.5,13
nearest_reuse,A + B,78,1014,1014,78,0,550.1566305949849,610.3356418338251,23,55,0,156.34825256172252,mixed_endpoint_10081,22.077868207809104,-4.180790779770471,-5.227313674072942,-1.2906578890380604,7152.036197734804,550.1566305949849,26500.950219443253,5300.190043888651,299.8333333333333,265.1025641025641,34.73076923076923,252.10256410256412,3.91025641025641,5.358974358974359,18.358974358974358,0.0641025641025641,1770.7692307692307,81.0769230769229,782.849266124168,271.6025641025641,13
nearest_early,A + C,78,1014,1014,78,0,553.29578062682,614.9309045102746,19,59,0,148.3354852603406,mixed_endpoint_10081,25.21701823964403,-4.77523809623599,-6.450365049476692,0.22954653731214192,7192.84514814866,553.2957806268198,26808.96933048688,5361.793866097376,295.3333333333333,263.05128205128204,32.282051282051285,250.05128205128204,3.6666666666666665,6.512820512820513,19.512820512820515,0.038461538461538464,1746.5128205128206,84.53846153846145,860.2682185412929,269.84615384615387,13
full,A + B + C,78,1014,1014,78,0,549.146178547355,606.4697124353467,22,56,0,89.11215781866923,mixed_endpoint_10165,21.067416160179203,-3.9894458290547608,-5.539981231333702,0.5457144094590416,7138.900321115616,549.146178547355,26579.693913270396,5315.938782654077,294.3974358974359,262.55128205128204,31.846153846153847,249.55128205128204,3.871794871794872,5.384615384615385,18.384615384615383,0.02564102564102564,1741.8076923076924,81.15384615384612,774.4226732680054,269.8205128205128,13
reuse_early,B + C,78,1014,1014,78,0,526.4243725238779,607.6925010497474,43,34,1,63.55793588046936,directional_endpoint_10001,-1.654389863298081,0.3132846804555167,0.19129388245590073,0.9918142838581057,6843.516842810412,526.4243725238778,25136.302162770007,5027.260432554001,293.0769230769231,261.70512820512823,31.371794871794872,248.7051282051282,4.153846153846154,5.0256410256410255,18.025641025641026,0.01282051282051282,1736.179487179487,80.07692307692312,439.38115171969457,270.79487179487177,13
probe_loose,放宽顺路探测门槛,78,1014,1014,78,0,528.0382275532863,622.4602362099176,26,29,23,35.86835118585543,directional_endpoint_10046,-0.04053483388950113,0.007675906848847447,0.06594983953193134,-0.14725626921912038,6864.496958192723,528.0382275532864,25167.869406348233,5033.573881269646,296.44871794871796,262.6794871794872,33.76923076923077,249.67948717948718,4.115384615384615,4.1923076923076925,17.192307692307693,0.05128205128205128,1753.3461538461538,77.57692307692314,440.3584452666984,271.1025641025641,13
probe_off,关闭已发现频道顺路探测,78,1014,1014,78,0,549.8853980143529,632.7517540084159,7,67,4,76.8858025014149,directional_endpoint_10035,21.806635627176913,-4.129428634584764,-5.734333880704279,0.4764173415912287,7148.5101741865865,549.8853980143527,26628.640614522676,5325.728122904536,294.6025641025641,260.5897435897436,34.01282051282051,247.5897435897436,4.576923076923077,5.9743589743589745,18.974358974358974,0.07692307692307693,1739.8589743589748,82.92307692307688,460.01074740968824,266.84615384615387,13
probe_strict,收紧顺路探测门槛,78,1014,1014,78,0,533.7429168483053,622.4602362099176,17,51,10,52.7970900355582,mixed_endpoint_10046,5.664154461129561,-1.0725965262311954,-1.6515190089888554,0.5933561436181622,6938.657919027969,533.7429168483054,25600.404979755236,5120.080995951047,294.2564102564103,260.94871794871796,33.30769230769231,247.94871794871796,3.8333333333333335,4.961538461538462,17.96153846153846,0.07692307692307693,1738.692307692308,79.88461538461533,436.3036345985005,267.4102564102564,13
early120,提前清除（120 m）,78,1014,1014,78,0,528.1009595534526,623.6998156488037,36,32,10,73.74302136060317,mixed_endpoint_10035,0.02219716627684038,-0.0042033817411191166,-0.013110417049522205,0.20356013686170238,6865.312474194884,528.1009595534528,25187.780319692378,5037.556063938475,295.4102564102564,262.7692307692308,32.64102564102564,249.76923076923077,4.269230769230769,4.858974358974359,17.858974358974358,0.01282051282051282,1748.179487179487,79.57692307692314,436.8505768963603,271.12820512820514,13
early220,提前清除（220 m）,78,1014,1014,78,0,528.8084937010944,610.8003121056329,38,40,0,62.38209210331206,directional_endpoint_10025,0.7297313139185698,-0.13818607486124623,-0.36727636770550465,0.926848282732029,6874.510418114229,528.8084937010946,25276.975167494216,5055.395033498844,293.2692307692308,262.37179487179486,30.897435897435898,249.37179487179486,4.282051282051282,5.435897435897436,18.435897435897434,0.02564102564102564,1737.8076923076924,81.30769230769235,372.3307575879536,271.46153846153845,13
center_route,按源中心规划联合路线,78,1014,1014,78,0,517.7638120329739,615.6330607649953,48,30,0,40.42346261485568,boundary_endpoint_10041,-10.314950354201974,1.9532977064961599,1.549937067139584,3.4561912599073152,6730.92955642866,517.7638120329739,24794.134961630483,4958.826992326097,285.78205128205127,258.64102564102564,27.141025641025642,245.64102564102564,4.589743589743589,4.884615384615385,17.884615384615383,0.02564102564102564,1692.448717948718,79.65384615384622,287.8419075425702,263.53846153846155,13
finish_source,选中一个源后连续清除,78,1014,1014,78,0,626.0351778872057,669.6685629200349,3,75,0,185.65164320676575,mixed_endpoint_10092,97.95641550002993,-18.549584356927884,-25.164259458033268,-0.8142405474468317,8138.457312533674,626.0351778872058,31521.966049847866,6304.393209969573,298.4230769230769,264.79487179487177,33.62820512820513,251.7948717948718,4.589743589743589,6.0256410256410255,19.025641025641026,0.05128205128205128,1750.98717948718,83.07692307692301,1425.834196318628,258.87179487179486,13
compact,仅外圈半径 1950→1900 m,78,1014,1014,78,0,519.368784937034,608.7135630194527,69,9,0,38.723646677543,boundary_endpoint_10035,-8.709977450141908,1.649370902698033,2.1942995269316645,0.1342630689938784,6751.794204181442,519.3687849370339,24631.855636291824,4926.371127258365,295.61538461538464,261.55128205128204,34.06410256410256,248.55128205128204,4.217948717948718,4.282051282051282,17.28205128205128,0.038461538461538464,1747.576923076923,77.84615384615387,411.39561436433723,269.5,13
every_stop,A + B + C，每次停车扫未知频道,78,1014,1014,78,0,737.2337551190444,835.9069126318082,0,78,0,314.4943526423077,mixed_smooth_10035,209.15499273186865,-39.606779827006314,-3.6278863987199816,-143.14175581445713,9584.038816547578,737.2337551190444,26098.14280068661,5219.628560137323,719.7307692307693,687.3333333333334,32.3974358974359,674.3333333333334,3.8846153846153846,6.743589743589744,19.743589743589745,0.038461538461538464,4279.179487179487,85.2307692307691,793.6103744619735,680.525641025641,13
proxy_compact,源中心路线 + 外圈微调,78,1014,1014,78,0,508.45777397452764,615.0277541404283,55,23,0,58.37763795231024,boundary_endpoint_10041,-19.620988412648284,3.7155420384549886,3.767756742452799,3.9412707349820164,6609.951061668859,508.4577739745275,24235.58864167763,4847.117728335527,284.34615384615387,256.64102564102564,27.705128205128204,243.64102564102564,5.076923076923077,4.6923076923076925,17.692307692307693,0.02564102564102564,1683.7564102564102,79.07692307692314,304.2093478082431,262.02564102564105,13
proxy_reuse_early_compact,源中心路线 + B + C + 外圈微调,78,1014,1014,78,0,508.4395943487816,618.8041089431089,60,18,0,68.31810165014053,boundary_endpoint_10035,-19.639168038394313,3.7189846358553824,3.88800636263279,3.7853523322794347,6609.714726534161,508.43959434878155,24205.304401901565,4841.060880380314,284.8076923076923,257.94871794871796,26.858974358974358,244.94871794871796,5.0256410256410255,5.346153846153846,18.346153846153847,0.01282051282051282,1687.6153846153845,81.03846153846165,336.3433997010369,263.5769230769231,13
full_compact,A + B + C + 外圈微调,78,1014,1014,78,0,539.2846332931026,595.2735770494489,26,52,0,72.68886087731471,mixed_endpoint_10035,11.205870905926535,-2.122007492835065,-2.9298553373156233,0.3421542725973392,7010.700232810334,539.2846332931024,25922.34731789781,5184.469463579563,295.0,263.52564102564105,31.474358974358974,250.52564102564102,3.9743589743589745,5.115384615384615,18.115384615384617,0.01282051282051282,1745.8846153846155,80.34615384615378,740.5667525477149,270.88461538461536,13
baseline,冻结基线 TRI25 + V4,55,770,770,55,0,489.5616682162297,573.0737872931074,0,0,55,0.0,mixed_endpoint_10010,0.0,0.0,0.0,0.0,6853.863355027215,489.5616682162296,25565.044047863354,5113.0088095726705,280.4909090909091,243.5090909090909,36.981818181818184,229.5090909090909,4.654545454545454,4.8,18.8,0.01818181818181818,1656.4545454545455,84.39999999999984,377.1056142687913,254.0,14
nearest,A 就近任务调度,55,770,770,55,0,518.6786157148317,581.9605911692877,10,45,0,125.26288143126072,mixed_endpoint_10019,29.11694749860206,-5.947554596072213,-7.460844344773854,-1.7501782588967174,7261.500620007644,518.6786157148317,27472.41219094731,5494.482438189462,285.4,246.03636363636363,39.36363636363637,232.03636363636363,4.745454545454545,4.654545454545454,18.654545454545456,0.03636363636363636,1683.0545454545454,83.96363636363637,737.5043758499049,256.05454545454546,14
reuse,B 覆盖站复用定位,55,770,770,55,0,486.7975683424697,575.2200753342878,29,23,3,33.606517191893545,directional_endpoint_10019,-2.764099873759898,0.5646070869541386,1.1878282266069573,-1.212160497828485,6815.165956794575,486.79756834246984,25261.375238518332,5052.275047703666,283.8909090909091,247.27272727272728,36.61818181818182,233.27272727272728,4.454545454545454,5.090909090909091,19.09090909090909,0.03636363636363636,1677.6181818181822,85.27272727272737,234.234637814947,258.1636363636364,14
early160,C 提前清除（160 m）,55,770,770,55,0,485.8921940322779,577.5688196934743,32,22,1,50.15477201431054,mixed_endpoint_10173,-3.66947418395181,0.749542789434865,0.7494235693285334,1.1278926557334645,6802.490716451891,485.8921940322778,25373.453582259455,5074.690716451889,277.3272727272727,242.12727272727273,35.2,228.12727272727273,4.454545454545454,5.636363636363637,19.636363636363637,0.01818181818181818,1640.8909090909092,86.90909090909098,383.1394565895158,254.25454545454545,14
nearest_early,A + C,55,770,770,55,0,511.4009184836037,570.7550622225585,10,45,0,73.76510721994254,mixed_endpoint_10180,21.839250267373977,-4.4609804413298315,-5.484841182145006,-1.1927140727296281,7159.612858770452,511.4009184836036,26967.24611203407,5393.449222406814,283.8363636363636,247.63636363636363,36.2,233.63636363636363,4.4363636363636365,6.2,20.2,0.05454545454545454,1677.5636363636363,88.6000000000001,581.8576969198882,258.3818181818182,14
full,A + B + C,55,770,770,55,0,506.19775381112134,570.2599563112569,14,41,0,70.98064104811937,mixed_endpoint_10036,16.63608559489184,-3.3981593484447403,-4.181059207270921,-0.8037855707525798,7086.7685533557,506.1977538111214,26633.933675869404,5326.786735173882,282.74545454545455,247.2,35.54545454545455,233.2,4.181818181818182,6.072727272727272,20.072727272727274,0.07272727272727272,1671.7636363636364,88.21818181818195,595.3036381410483,258.03636363636366,14
nearest_reuse,A + B,55,770,770,55,0,507.94101717253153,574.4447977091164,12,43,0,65.48285490119741,omni_endpoint_10036,18.379348956301914,-3.7542459202880796,-4.60895626646447,-1.4195890322162397,7111.174240415442,507.94101717253164,26743.32574753175,5348.665149506351,284.4727272727273,246.05454545454546,38.41818181818182,232.05454545454546,4.4,4.618181818181818,18.618181818181817,0.03636363636363636,1678.654545454545,83.85454545454544,776.8668498990052,256.2909090909091,14
reuse_early,B + C,55,770,770,55,0,483.0258939803999,569.6317786063081,35,20,0,54.710749867790014,mixed_smooth_10019,-6.53577423582977,1.33502573018911,1.7205831214223366,0.5963570363648252,6762.362515725598,483.02589398039987,25125.17621499163,5025.035242998326,278.8181818181818,244.4909090909091,34.32727272727273,230.4909090909091,4.763636363636364,5.545454545454546,19.545454545454547,0.01818181818181818,1650.690909090909,86.63636363636385,357.14009079873307,256.6,14
probe_strict,收紧顺路探测门槛,55,770,770,55,0,494.31522640596836,562.3804765556223,15,36,4,44.303108254283984,mixed_endpoint_10100,4.75355818973869,-0.9709825132059091,-1.190631380678231,-0.18149996758929365,6920.4131696835575,494.3152264059683,25869.42948478142,5173.885896956285,281.0,243.85454545454544,37.14545454545455,229.85454545454544,4.3090909090909095,5.963636363636364,19.963636363636365,0.07272727272727272,1658.6363636363637,87.89090909090889,410.79355231297615,253.63636363636363,14
probe_off,关闭已发现频道顺路探测,55,770,770,55,0,510.958554939497,569.7929901916694,4,49,2,76.58053347471258,directional_endpoint_10019,21.396886723267297,-4.370621335863412,-5.943343697825743,0.3889285019770594,7153.419769152958,510.95855493949693,27084.46248212842,5416.892496425683,279.4,242.6,36.8,228.6,4.654545454545454,6.072727272727272,20.072727272727274,0.03636363636363636,1648.3090909090909,88.21818181818189,308.2238639556992,251.3090909090909,14
probe_loose,放宽顺路探测门槛,55,770,770,55,0,488.5663420501691,573.424555938099,16,22,17,28.510900048522615,mixed_smooth_10026,-0.9953261660605934,0.20330966059640687,0.361787029465932,-0.26576780968432523,6839.9287887023675,488.56634205016906,25472.55303442093,5094.510606884186,281.23636363636365,243.65454545454546,37.58181818181818,229.65454545454546,4.945454545454545,4.709090909090909,18.70909090909091,0.01818181818181818,1661.290909090909,84.12727272727244,377.38967084819205,255.1090909090909,14
early120,提前清除（120 m）,55,770,770,55,0,487.6483432512109,571.5088794147788,25,25,5,24.09605152881562,mixed_endpoint_10036,-1.9133249650187125,0.39082409617362535,0.28030470099886795,0.9788033966422471,6827.076805516953,487.648343251211,25493.38402758476,5098.676805516952,277.74545454545455,241.85454545454544,35.89090909090909,227.85454545454544,4.472727272727273,5.4363636363636365,19.436363636363637,0.03636363636363636,1642.090909090909,86.30909090909091,345.45656689412937,253.36363636363637,14
early220,提前清除（220 m）,55,770,770,55,0,484.2071396996478,577.1258499752261,30,25,0,34.19900012501557,omni_endpoint_10019,-5.354528516581915,1.0937393313679378,0.957979594297298,2.0353924936798995,6778.899955795069,484.20713969964766,25320.1361426117,5064.027228522341,274.7818181818182,240.72727272727272,34.054545454545455,226.72727272727272,4.672727272727273,5.763636363636364,19.763636363636362,0.0,1627.581818181818,87.29090909090905,354.00642526484074,253.6727272727273,14
finish_source,选中一个源后连续清除,55,770,770,55,0,593.9740413631024,652.6441738083587,0,54,1,174.34123991624085,mixed_endpoint_10196,104.4123731468727,-21.327726398047165,-27.585083891702556,-3.5781422181888844,8315.636579083433,593.9740413631024,32617.182895417165,6523.436579083434,290.5272727272727,252.85454545454544,37.67272727272727,238.85454545454544,4.6,7.054545454545455,21.054545454545455,0.12727272727272726,1701.036363636364,91.1636363636363,1410.8814824906597,248.4,14
center_route,按源中心规划联合路线,55,770,770,55,0,490.9274461543058,608.459801113636,28,27,0,90.44827135416654,boundary_endpoint_10016,1.365777938076268,-0.27897975408344156,-0.4354842032901374,0.6158034614636709,6872.984246160281,490.927446154306,25676.375776255958,5135.275155251193,278.76363636363635,247.74545454545455,31.01818181818182,233.74545454545455,5.290909090909091,5.745454545454545,19.745454545454546,0.07272727272727272,1650.4727272727275,87.23636363636362,238.94788516029539,256.6545454545454,14
compact,仅外圈半径 1950→1900 m,55,770,770,55,0,484.6998554602006,567.3045005525825,39,16,0,24.633001194364226,mixed_endpoint_10085,-4.861812756028989,0.9930950627207835,1.4592353721388895,-0.40837492707590517,6785.797976442808,484.6998554602007,25191.989882214042,5038.397976442809,281.6363636363636,244.70909090909092,36.92727272727273,230.70909090909092,4.890909090909091,4.454545454545454,18.454545454545453,0.01818181818181818,1664.0363636363636,83.36363636363646,301.94696293887125,255.85454545454544,14
full_compact,A + B + C + 外圈微调,55,770,770,55,0,498.32785997168196,561.8174540302167,16,39,0,62.96370736689772,mixed_endpoint_10036,8.76619175545223,-1.790620533546461,-1.9027997909531802,-1.140856939132684,6976.590039603548,498.32785997168196,26051.49565256319,5210.299130512637,283.6909090909091,248.1818181818182,35.50909090909091,234.1818181818182,4.109090909090909,6.072727272727272,20.072727272727274,0.07272727272727272,1678.0727272727274,88.21818181818173,437.699945366673,259.6181818181818,14
proxy_reuse_early_compact,源中心路线 + B + C + 外圈微调,55,770,770,55,0,483.18066750701,612.157661171838,35,20,0,113.37082469629934,boundary_endpoint_10016,-6.381000709219797,1.3034110150963452,1.7589253857865916,0.5574641861671115,6764.52934509814,483.18066750700984,25115.37399821796,5023.074799643592,278.92727272727274,248.4909090909091,30.436363636363637,234.4909090909091,5.927272727272728,6.454545454545454,20.454545454545453,0.03636363636363636,1652.090909090909,89.36363636363635,288.34614674796705,257.45454545454544,14
every_stop,A + B + C，每次停车扫未知频道,55,770,770,55,0,689.650603452961,799.2405995813151,0,55,0,362.52686522569553,mixed_endpoint_10056,200.08893523673152,-40.87103795641867,-3.242879796480036,-156.8224541388475,9655.108448341454,689.6506034529611,26394.087696252736,5278.817539250547,720.3636363636364,684.2181818181818,36.14545454545455,670.2181818181818,4.1454545454545455,8.10909090909091,22.10909090909091,0.03636363636363636,4281.963636363636,94.32727272727293,664.3605347613725,680.1454545454545,14
proxy_compact,源中心路线 + 外圈微调,55,770,770,55,0,485.3122840492001,602.6429018526325,33,22,0,110.13364414594821,boundary_endpoint_10016,-4.249384167029614,0.8679977299923536,1.3466633300756259,-0.11667855059311893,6794.371976688802,485.3122840492,25220.76897435309,5044.153794870619,280.8181818181818,249.16363636363636,31.654545454545456,235.16363636363636,5.927272727272728,5.963636363636364,19.963636363636365,0.07272727272727272,1662.3272727272727,87.89090909090905,248.1229529836839,258.23636363636365,14
nearest,A 就近任务调度,60,900,900,60,0,481.47195666228174,525.2040803420654,14,46,0,82.72876709604174,mixed_endpoint_10111,21.263552851572058,-4.6204182008631856,-6.33579399823232,0.8286772553204758,7222.079349934226,481.4719566622817,27903.98008300447,5580.796016600893,263.28333333333336,221.5,41.78333333333333,206.5,4.866666666666666,5.566666666666666,20.566666666666666,0.03333333333333333,1549.5833333333333,91.7000000000001,813.1245158785841,233.16666666666666,15
reuse,B 覆盖站复用定位,60,900,900,60,0,453.83310629073594,510.5622985184434,35,24,1,29.21188697452044,mixed_endpoint_10122,-6.375297519973892,1.3853066278633586,1.6661876874209836,0.5838407935212508,6807.49659436104,453.8331062907358,25804.14963847185,5160.829927694372,263.93333333333334,225.36666666666667,38.56666666666667,210.36666666666667,4.833333333333333,4.583333333333333,19.583333333333332,0.0,1557.9166666666667,88.75000000000001,270.6727097050349,238.25,15
baseline,冻结基线 TRI25 + V4,60,900,900,60,0,460.20840381070974,514.6227878188367,0,0,60,0.0,mixed_endpoint_10009,0.0,0.0,0.0,0.0,6903.126057160645,460.20840381070974,26241.38028580323,5248.276057160646,265.48333333333335,225.43333333333334,40.05,210.43333333333334,5.016666666666667,4.65,19.65,0.0,1565.9,88.94999999999999,249.65785030171526,238.48333333333332,15
early160,C 提前清除（160 m）,60,900,900,60,0,453.5029881105134,495.76292486614653,37,23,0,29.762632624726393,mixed_endpoint_10111,-6.705415700196183,1.4570389511953108,1.375649858797079,2.3039738841107438,6802.5448216577015,453.5029881105135,25880.390774955184,5176.078154991034,259.3666666666667,222.6,36.766666666666666,207.6,4.533333333333333,5.833333333333333,20.833333333333332,0.0,1533.9666666666667,92.50000000000007,251.90069966508648,237.13333333333333,15
nearest_reuse,A + B,60,900,900,60,0,477.7373128920852,532.5025837074747,16,44,0,105.42764658705767,mixed_endpoint_10109,17.528909081375403,-3.8089067770664453,-5.047059898063688,0.43317220164481585,7166.059693381278,477.73731289208513,27565.79846690638,5513.159693381279,264.3333333333333,222.7,41.63333333333333,207.7,5.366666666666666,7.15,22.15,0.05,1556.45,96.44999999999997,688.9308951371594,234.78333333333333,15
nearest_early,A + C,60,900,900,60,0,478.03802909325776,533.8069944408026,17,43,0,91.14991643433734,mixed_endpoint_10168,17.829625282548054,-3.8742502602976403,-5.475976799012039,1.7075773745998002,7170.570436398866,478.03802909325776,27678.352181994334,5535.6704363988665,260.95,221.81666666666666,39.13333333333333,206.81666666666666,5.15,6.616666666666666,21.616666666666667,0.016666666666666666,1540.0500000000002,94.8500000000001,612.247194754693,235.3,15
full,A + B + C,60,900,900,60,0,475.2883977257889,538.1938442444978,19,41,0,96.18049334612681,mixed_endpoint_10109,15.079993915079152,-3.2767749980684213,-4.492267038262576,1.4564630548057012,7129.325965886834,475.28839772578885,27420.213162767508,5484.0426325535,261.6166666666667,222.26666666666668,39.35,207.26666666666668,5.483333333333333,8.533333333333333,23.533333333333335,0.06666666666666667,1544.6833333333336,100.60000000000007,557.974235171483,236.6,15
reuse_early,B + C,60,900,900,60,0,452.9334145129068,509.7282045466259,37,23,0,51.401092080202375,mixed_endpoint_10127,-7.274989297802904,1.5808032268778804,1.764862184424698,1.6510766526461107,6794.001217693602,452.93341451290684,25778.256088468017,5155.651217693602,261.1,224.38333333333333,36.71666666666667,209.38333333333333,4.5,6.166666666666667,21.166666666666668,0.03333333333333333,1544.85,93.50000000000003,265.9702605971422,239.35,15
early220,提前清除（220 m）,60,900,900,60,0,451.7291751307684,497.128770814881,35,25,0,32.204680311093,mixed_endpoint_10122,-8.479228679941313,1.84247584566688,2.1569958522157595,1.5317973507439242,6775.937626961526,451.72917513076834,25675.354801474296,5135.070960294858,261.4166666666667,225.43333333333334,35.983333333333334,210.43333333333334,4.783333333333333,6.133333333333334,21.133333333333333,0.0,1547.4666666666667,93.39999999999988,337.0128198960079,240.38333333333333,15
probe_off,关闭已发现频道顺路探测,60,900,900,60,0,479.96095474112036,525.8719496302207,9,47,4,68.40239438857168,mixed_endpoint_10127,19.752550930410692,-4.292088272802408,-6.064307475885333,1.6761880846255184,7199.414321116806,479.96095474112036,27832.738272250695,5566.547654450139,261.03333333333336,220.4,40.63333333333333,205.4,5.733333333333333,7.2,22.2,0.1,1536.2666666666667,96.60000000000005,252.04442457419842,231.1,15
probe_strict,收紧顺路探测门槛,60,900,900,60,0,467.19179867860083,503.8078043217428,13,42,5,42.7372374498384,omni_endpoint_10032,6.983394867891192,-1.5174418394070743,-2.004167753489061,0.16322430786616104,7007.876980179013,467.1917986786009,26767.301567561735,5353.460313512346,265.05,225.15,39.9,210.15,4.883333333333334,5.733333333333333,20.733333333333334,0.05,1562.2166666666667,92.20000000000013,245.40360638888674,236.96666666666667,15
probe_loose,放宽顺路探测门槛,60,900,900,60,0,459.0807680803166,515.7047500409301,30,22,8,33.41082213370123,mixed_endpoint_10122,-1.1276357303929927,0.2450271922580627,0.3000579450797347,0.13811287588675336,6886.211521204749,459.0807680803167,26162.64093935709,5232.528187871418,265.1166666666667,224.46666666666667,40.65,209.46666666666667,5.466666666666667,4.783333333333333,19.783333333333335,0.0,1564.3333333333333,89.35,267.7097988233524,238.75,15
early120,提前清除（120 m）,60,900,900,60,0,454.8812282711424,495.8181512363108,39,17,4,43.78824256286879,mixed_endpoint_10151,-5.327175539567355,1.1575572057042516,0.9680823291333573,2.0716931383012116,6823.218424067136,454.88122827114233,25987.342120335674,5197.468424067137,259.98333333333335,221.66666666666666,38.31666666666667,206.66666666666666,4.466666666666667,5.2,20.2,0.016666666666666666,1535.15,90.59999999999998,297.7474149639931,235.23333333333332,15
center_route,按源中心规划联合路线,60,900,900,60,0,461.59657123835814,548.5547158494904,32,28,0,74.72218952774682,directional_endpoint_10009,1.3881674276484726,-0.3016388697280936,-0.9877372591836853,2.6492560738276216,6923.9485685753725,461.5965712383581,26500.576176210194,5300.115235242039,258.45,224.38333333333333,34.06666666666667,209.38333333333333,6.133333333333334,6.566666666666666,21.566666666666666,0.03333333333333333,1529.133333333333,94.70000000000029,190.52768168792875,236.88333333333333,15
finish_source,选中一个源后连续清除,60,900,900,60,0,557.3031107064475,611.0325868759894,0,60,0,209.98843570837272,directional_endpoint_10009,97.09470689573774,-21.097986497368293,-28.6583744272358,2.624144641848214,8359.546660596712,557.3031107064475,33761.73330298355,6752.346660596712,258.51666666666665,218.01666666666668,40.5,203.01666666666668,5.233333333333333,8.316666666666666,23.316666666666666,0.26666666666666666,1507.2500000000007,99.95000000000005,1402.1525305507396,214.66666666666666,15
compact,仅外圈半径 1950→1900 m,60,900,900,60,0,455.2872361246024,503.71113578128364,50,10,0,32.06852035753644,mixed_endpoint_10111,-4.921167686107332,1.0693345982728863,1.6596087491645206,-0.8914558352690172,6829.308541869035,455.28723612460243,25805.876042678505,5161.175208535701,267.85,227.41666666666666,40.43333333333333,212.41666666666666,5.25,4.45,19.45,0.0,1579.7833333333333,88.34999999999992,219.42252510541633,240.53333333333333,15
full_compact,A + B + C + 外圈微调,60,900,900,60,0,466.18249939463004,536.1808130800105,25,35,0,90.20804831841929,mixed_endpoint_10109,5.974095583920286,-1.298128311967428,-1.8278021083625973,1.236738024985884,6992.7374909194505,466.18249939463,26721.02078793058,5344.204157586118,262.2,222.93333333333334,39.266666666666666,207.93333333333334,5.383333333333334,8.316666666666666,23.316666666666666,0.05,1548.5833333333333,99.94999999999997,562.2604464454095,237.58333333333334,15
proxy_compact,源中心路线 + 外圈微调,60,900,900,60,0,451.6305639862375,538.8740498771607,39,21,0,74.91326403514859,boundary_endpoint_10034,-8.577839824472258,1.8639033432341412,1.6611981360011963,3.283319731307688,6774.458459793563,451.63056398623746,25805.458965634476,5161.091793126896,256.76666666666665,223.33333333333334,33.43333333333333,208.33333333333334,5.866666666666666,6.316666666666666,21.316666666666666,0.03333333333333333,1519.4166666666667,93.95000000000005,183.14081871619564,235.58333333333334,15
every_stop,A + B + C，每次停车扫未知频道,60,900,900,60,0,642.5603307384108,735.9527296867816,0,60,0,294.3658984116127,mixed_smooth_10022,182.35192692770121,-39.623771625584034,-3.332120910006564,-160.68805323623582,9638.404961076161,642.5603307384109,27115.77480538082,5423.154961076164,692.0833333333334,652.05,40.03333333333333,637.05,5.1,9.783333333333333,24.783333333333335,0.06666666666666667,4110.9,104.34999999999992,584.782005667045,650.4833333333333,15
proxy_reuse_early_compact,源中心路线 + B + C + 外圈微调,60,900,900,60,0,451.17463987574865,543.0239012649382,40,20,0,84.7285056662306,boundary_endpoint_10034,-9.033763934961094,1.9629723968875745,2.3558172438177705,1.6008537886872953,6767.61959813623,451.1746398757486,25623.181324014473,5124.636264802896,261.23333333333335,228.81666666666666,32.416666666666664,213.81666666666666,5.983333333333333,6.966666666666667,21.966666666666665,0.03333333333333333,1547.0833333333337,95.9000000000001,175.80005000320207,240.91666666666666,15
nearest,A 就近任务调度,36,576,576,36,0,374.0001733639074,469.65432533190125,21,15,0,73.3935217234411,mixed_endpoint_10186,-16.169648505234264,4.144259140230833,3.9920023220622824,5.154511742892465,5984.002773822518,374.0001733639074,23133.90275800148,4626.780551600295,213.13888888888889,168.44444444444446,44.69444444444444,152.44444444444446,5.138888888888889,8.277777777777779,24.27777777777778,0.027777777777777776,1252.3888888888894,104.8333333333334,0.0,186.69444444444446,16
baseline,冻结基线 TRI25 + V4,36,576,576,36,0,390.16982186914163,490.62240757351526,0,0,36,0.0,mixed_endpoint_10002,0.0,0.0,0.0,0.0,6242.717149906266,390.16982186914163,24095.80797175356,4819.1615943507095,224.72222222222223,181.55555555555554,43.166666666666664,165.55555555555554,5.305555555555555,6.444444444444445,22.444444444444443,0.16666666666666666,1324.222222222222,99.3333333333337,0.0,200.61111111111111,16
reuse,B 覆盖站复用定位,36,576,576,36,0,383.89367998726715,486.3669384716104,18,16,2,98.55284181149483,omni_endpoint_10017,-6.27614188187457,1.6085667137986426,1.241028295647728,3.127317676143382,6142.298879796274,383.89367998726715,23796.77217675915,4759.354435351829,217.69444444444446,173.91666666666666,43.77777777777778,157.91666666666666,6.444444444444445,6.722222222222222,22.72222222222222,0.1111111111111111,1282.7777777777778,100.16666666666664,0.0,194.30555555555554,16
early160,C 提前清除（160 m）,36,576,576,36,0,381.1421750249096,484.68842947721873,19,14,3,66.70185402214611,mixed_endpoint_10057,-9.02764684423205,2.3137737308806527,1.6968860919066686,4.944375772558718,6098.274800398553,381.1421750249096,23686.929557548323,4737.385911509665,213.61111111111111,173.58333333333334,40.02777777777778,157.58333333333334,5.388888888888889,6.333333333333333,22.333333333333332,0.027777777777777776,1261.888888888889,99.00000000000033,0.0,193.83333333333334,16
nearest_reuse,A + B,36,576,576,36,0,370.893097076334,469.7548533938092,21,15,0,73.3935217234411,mixed_endpoint_10186,-19.276724792807645,4.940598609205815,4.758431131311891,6.155747836835602,5934.289553221344,370.893097076334,22949.225543884502,4589.845108776899,210.88888888888889,166.88888888888889,44.0,150.88888888888889,5.388888888888889,8.083333333333334,24.083333333333332,0.027777777777777776,1240.1944444444443,104.24999999999993,0.0,185.75,16
nearest_early,A + C,36,576,576,36,0,372.344020594943,473.0653175731202,23,13,0,77.44716979416432,mixed_endpoint_10017,-17.825801274198664,4.56872886498566,4.287664628139187,6.131025957972803,5957.504329519088,372.344020594943,23062.66053648433,4612.532107296865,210.94444444444446,169.38888888888889,41.55555555555556,153.38888888888889,5.583333333333333,6.888888888888889,22.88888888888889,0.027777777777777776,1244.3055555555557,100.66666666666657,0.0,189.58333333333334,16
full,A + B + C,36,576,576,36,0,370.22544189614064,484.3741737587802,21,15,0,71.6536410384827,omni_endpoint_10002,-19.94437997300109,5.111717732923515,4.621575481930562,8.022249690976512,5923.60707033825,370.22544189614064,22982.202018357908,4596.440403671583,206.69444444444446,165.41666666666666,41.27777777777778,149.41666666666666,5.805555555555555,9.416666666666666,25.416666666666668,0.05555555555555555,1218.916666666667,108.24999999999976,0.0,185.44444444444446,16
reuse_early,B + C,36,576,576,36,0,377.2657171012026,492.47151892196234,20,15,1,58.94291887139241,omni_endpoint_10017,-12.904104767939124,3.3073046772610026,2.885912511445321,5.587144622991358,6036.251473619242,377.2657171012026,23400.424034762877,4680.084806952575,212.16666666666666,171.33333333333334,40.833333333333336,155.33333333333334,5.777777777777778,7.527777777777778,23.52777777777778,0.05555555555555555,1253.5833333333335,102.5833333333333,0.0,192.75,16
probe_off,关闭已发现频道顺路探测,36,576,576,36,0,399.8638082228184,496.87577318367744,10,23,3,123.08863569525221,omni_endpoint_10015,9.693986353676722,-2.4845556499569765,-4.387425299040015,4.375772558714464,6397.820931565095,399.8638082228184,25152.993546714362,5030.598709342873,214.88888888888889,171.77777777777777,43.111111111111114,155.77777777777777,5.666666666666667,7.944444444444445,23.944444444444443,0.1388888888888889,1263.3888888888891,103.8333333333335,0.0,188.94444444444446,16
probe_strict,收紧顺路探测门槛,36,576,576,36,0,398.0400802166103,492.7488454130398,8,25,3,107.9947454843587,mixed_endpoint_10095,7.870258347468637,-2.0171366175286254,-2.721928513732963,0.4449938195302816,6368.641283465765,398.0400802166103,24751.678639551043,4950.335727910209,223.72222222222223,181.5,42.22222222222222,165.5,4.888888888888889,7.027777777777778,23.02777777777778,0.16666666666666666,1317.2222222222224,101.08333333333348,0.0,198.61111111111111,16
probe_loose,放宽顺路探测门槛,36,576,576,36,0,392.50746066500517,490.30594883518444,12,12,12,64.58064527219625,mixed_endpoint_10133,2.3376387958634948,-0.5991336758606414,-0.4907953441848578,-0.4326328800988932,6280.119370640083,392.50746066500517,24214.069075422638,4842.813815084527,225.69444444444446,182.0,43.69444444444444,166.0,5.5,8.916666666666666,24.916666666666668,0.1111111111111111,1330.5555555555554,106.75000000000018,0.0,202.08333333333334,16
early120,提前清除（120 m）,36,576,576,36,0,386.29972790524306,477.87053972741376,21,12,3,69.82381488097826,mixed_endpoint_10057,-3.870093963898654,0.991899872050217,0.5056055371827295,2.9542645241038334,6180.795646483889,386.29972790524306,23973.97823241944,4794.795646483889,218.08333333333334,176.02777777777777,42.05555555555556,160.02777777777777,5.527777777777778,6.388888888888889,22.38888888888889,0.05555555555555555,1286.8333333333335,99.1666666666669,0.0,196.41666666666666,16
early220,提前清除（220 m）,36,576,576,36,0,379.956490756975,486.2022826918176,19,14,3,49.67212447650735,omni_endpoint_10015,-10.21333111216671,2.6176630122849653,2.734960928433283,2.7935723114956734,6079.3038521116,379.956490756975,23436.797038335775,4687.359407667155,218.44444444444446,180.69444444444446,37.75,164.69444444444446,5.083333333333333,6.222222222222222,22.22222222222222,0.027777777777777776,1293.2777777777778,98.66666666666671,0.0,201.05555555555554,16
finish_source,选中一个源后连续清除,36,576,576,36,0,445.777278621336,524.1072647930494,5,31,0,218.340343989051,omni_endpoint_10015,55.60745675219424,-14.252116292798389,-20.115241120740723,5.871446229913479,7132.436457941376,445.777278621336,28942.737845262433,5788.547569052487,211.52777777777777,169.66666666666666,41.861111111111114,153.66666666666666,5.527777777777778,10.944444444444445,26.944444444444443,0.16666666666666666,1231.0555555555559,112.8333333333332,0.0,173.41666666666666,16
center_route,按源中心规划联合路线,36,576,576,36,0,378.9374963911181,499.59964525130886,18,18,0,93.55399448430171,mixed_endpoint_10159,-11.23232547802356,2.8788298962267644,2.811588339037785,3.5970333745364735,6062.999942257889,378.9374963911181,23418.333044622785,4683.666608924557,216.63888888888889,181.22222222222223,35.416666666666664,165.22222222222223,5.527777777777778,6.666666666666667,22.666666666666668,0.0,1279.333333333333,99.99999999999996,0.0,196.13888888888889,16
compact,仅外圈半径 1950→1900 m,36,576,576,36,0,384.11392285053086,481.4758385072512,29,6,1,25.870553133726617,mixed_endpoint_10095,-6.055899018610816,1.552118764490662,1.629028076188821,1.2608158220024812,6145.822765608494,384.1139228505309,23703.280494709135,4740.656098941828,221.88888888888889,178.33333333333334,43.55555555555556,162.33333333333334,5.333333333333333,6.138888888888889,22.13888888888889,0.1388888888888889,1306.7499999999998,98.41666666666669,0.0,197.30555555555554,16
every_stop,A + B + C，每次停车扫未知频道,36,576,576,36,0,499.99351607055945,672.1928452459466,1,35,0,293.73471891682567,mixed_endpoint_10017,109.82369420141784,-28.147664951455774,8.743194481152461,-161.9901112484549,7999.896257128951,499.99351607055945,21989.064618978093,4397.812923795619,588.75,546.75,42.0,530.75,5.694444444444445,7.166666666666667,23.166666666666668,0.05555555555555555,3500.5833333333335,101.49999999999996,0.0,556.8333333333334,16
proxy_compact,源中心路线 + 外圈微调,36,576,576,36,0,372.6994786098368,480.2611359197118,21,15,0,89.887975272917,mixed_endpoint_10159,-17.47034325930493,4.477625454375655,4.89476434109426,3.5105067985166882,5963.191657757388,372.6994786098368,22916.374955453604,4583.274991090721,216.83333333333334,181.22222222222223,35.611111111111114,165.22222222222223,5.583333333333333,6.416666666666667,22.416666666666668,0.0,1280.6666666666667,99.25,0.0,196.5,16
proxy_reuse_early_compact,源中心路线 + B + C + 外圈微调,36,576,576,36,0,372.92494313285874,498.00675901583634,20,16,0,87.49684958984528,mixed_endpoint_10159,-17.244878736282914,4.4198392007023575,4.949598933790744,3.4610630407911014,5966.79909012574,372.92494313285874,22903.162117295364,4580.632423459074,216.94444444444446,181.86111111111111,35.083333333333336,165.86111111111111,6.0,7.777777777777778,23.77777777777778,0.0,1282.8333333333335,103.3333333333337,0.0,198.11111111111111,16
full_compact,A + B + C + 外圈微调,36,576,576,36,0,368.6295097978944,485.9089591101729,24,12,0,76.48375511442453,omni_endpoint_10015,-21.540312071247257,5.520752980857546,5.576246432331844,6.5142150803461085,5898.07215676631,368.6295097978944,22752.166339387113,4550.433267877422,210.08333333333334,169.30555555555554,40.77777777777778,153.30555555555554,5.638888888888889,9.444444444444445,25.444444444444443,0.05555555555555555,1239.3055555555559,108.33333333333331,0.0,188.88888888888889,16
