scene_id,scene_group,seed,N,family,error_mode,source_sha256,variant,K,T,T_over_K,move_m,n_measure,n_clear,n_safe,n_full_225,all_certified,failure,wall_s,detected,movement_s,measure_s,clear_s,n_switch,discovery_measure,refine_measure,no_signal,failed_clear,action_time_max_error,total_time_error,after_last_clear_s,full_success,truth_clear_match,action_count_match
pilot-10-uniform-0-endpoint,pilot-10-uniform-0,100000,10,uniform,endpoint,2bce94fd8c8dc12f96ab87d695f432155ee2a88bd2ebad95bd02be4043c3a684,ORIGINAL,10,4616.31974828228,461.63197482822795,17706.598741411395,145,62,2,0,True,,4.3113923000055365,10,3541.3197482822807,869.0,206.0,144,94,51,116,52,0.0,0.0,0.0,True,True,True
pilot-10-uniform-0-endpoint,pilot-10-uniform-0,100000,10,uniform,endpoint,2bce94fd8c8dc12f96ab87d695f432155ee2a88bd2ebad95bd02be4043c3a684,COMPACT,10,3723.2718116523074,372.32718116523074,14156.359058261543,138,15,0,0,True,,1.0332970000163186,10,2831.2718116523074,827.0,65.0,137,93,45,113,5,0.0,0.0,0.0,True,True,True
pilot-10-uniform-0-endpoint,pilot-10-uniform-0,100000,10,uniform,endpoint,2bce94fd8c8dc12f96ab87d695f432155ee2a88bd2ebad95bd02be4043c3a684,J,10,3149.651146786455,314.9651146786455,11528.255733932276,124,28,2,0,True,,0.5316992000152823,10,2305.6511467864552,740.0,104.0,120,101,23,99,18,0.0,0.0,0.0,True,True,True
pilot-10-uniform-0-endpoint,pilot-10-uniform-0,100000,10,uniform,endpoint,2bce94fd8c8dc12f96ab87d695f432155ee2a88bd2ebad95bd02be4043c3a684,S,10,3975.496479193172,397.5496479193172,15612.48239596586,119,41,3,0,True,,0.3783376000064891,10,3122.496479193172,710.0,143.0,115,93,26,92,31,0.0,0.0,0.0,True,True,True
pilot-10-uniform-0-endpoint,pilot-10-uniform-0,100000,10,uniform,endpoint,2bce94fd8c8dc12f96ab87d695f432155ee2a88bd2ebad95bd02be4043c3a684,O,10,3667.454971884549,366.7454971884549,13842.27485942275,141,12,0,0,True,,0.4640547000162769,10,2768.4549718845487,843.0,56.0,138,93,48,113,2,0.0,0.0,0.0,True,True,True
pilot-10-uniform-0-endpoint,pilot-10-uniform-0,100000,10,uniform,endpoint,2bce94fd8c8dc12f96ab87d695f432155ee2a88bd2ebad95bd02be4043c3a684,JS,10,3046.0986989222642,304.6098698922264,10980.493494611323,118,42,5,0,True,,0.4343118999968283,10,2196.0986989222642,704.0,146.0,114,101,17,91,32,0.0,0.0,0.0,True,True,True
pilot-10-uniform-0-endpoint,pilot-10-uniform-0,100000,10,uniform,endpoint,2bce94fd8c8dc12f96ab87d695f432155ee2a88bd2ebad95bd02be4043c3a684,JO,10,3104.634223642941,310.4634223642941,11343.171118214708,130,15,0,0,True,,0.43936389998998493,10,2268.6342236429427,771.0,65.0,121,101,29,99,5,0.0,0.0,0.0,True,True,True
pilot-10-uniform-0-endpoint,pilot-10-uniform-0,100000,10,uniform,endpoint,2bce94fd8c8dc12f96ab87d695f432155ee2a88bd2ebad95bd02be4043c3a684,SO,10,3889.347961163665,388.9347961163665,15471.739805818326,123,14,0,0,True,,0.43953140001394786,10,3094.347961163664,733.0,62.0,118,93,30,92,4,0.0,0.0,0.0,True,True,True
pilot-10-uniform-0-endpoint,pilot-10-uniform-0,100000,10,uniform,endpoint,2bce94fd8c8dc12f96ab87d695f432155ee2a88bd2ebad95bd02be4043c3a684,JSO,10,3142.8932346074507,314.2893234607451,11714.466173037252,123,17,0,0,True,,0.3573202000115998,10,2342.8932346074516,729.0,71.0,114,101,22,91,7,0.0,0.0,0.0,True,True,True
pilot-10-uniform-0-endpoint,pilot-10-uniform-0,100000,10,uniform,endpoint,2bce94fd8c8dc12f96ab87d695f432155ee2a88bd2ebad95bd02be4043c3a684,JSO_ALLSCAN,10,4783.192229695451,478.3192229695451,10590.961148477258,433,16,0,0,True,,1.009020600002259,10,2118.1922296954513,2597.0,68.0,432,414,19,404,6,0.0,0.0,0.0,True,True,True
pilot-10-uniform-0-smooth,pilot-10-uniform-0,100000,10,uniform,smooth,2bce94fd8c8dc12f96ab87d695f432155ee2a88bd2ebad95bd02be4043c3a684,ORIGINAL,10,4472.207325571153,447.2207325571153,17076.036627855763,144,58,2,0,True,,4.157439799979329,10,3415.2073255711525,863.0,194.0,143,94,50,116,48,0.0,0.0,0.0,True,True,True
pilot-10-uniform-0-smooth,pilot-10-uniform-0,100000,10,uniform,smooth,2bce94fd8c8dc12f96ab87d695f432155ee2a88bd2ebad95bd02be4043c3a684,COMPACT,10,3942.021866920266,394.2021866920266,14830.10933460133,139,41,1,0,True,,1.1446913999971002,10,2966.0218669202654,833.0,143.0,138,93,46,113,31,0.0,0.0,0.0,True,True,True
pilot-10-uniform-0-smooth,pilot-10-uniform-0,100000,10,uniform,smooth,2bce94fd8c8dc12f96ab87d695f432155ee2a88bd2ebad95bd02be4043c3a684,J,10,3070.051342300465,307.0051342300465,11310.256711502323,124,16,0,0,True,,0.4594702000031248,10,2262.0513423004645,740.0,68.0,120,101,23,99,6,0.0,0.0,0.0,True,True,True
pilot-10-uniform-0-smooth,pilot-10-uniform-0,100000,10,uniform,smooth,2bce94fd8c8dc12f96ab87d695f432155ee2a88bd2ebad95bd02be4043c3a684,S,10,3541.064969231849,354.10649692318486,13770.324846159241,119,19,1,0,True,,0.307110299996566,10,2754.064969231849,710.0,77.0,115,93,26,92,9,0.0,0.0,0.0,True,True,True
pilot-10-uniform-0-smooth,pilot-10-uniform-0,100000,10,uniform,smooth,2bce94fd8c8dc12f96ab87d695f432155ee2a88bd2ebad95bd02be4043c3a684,O,10,3646.801034063374,364.6801034063374,13724.005170316872,142,11,0,0,True,,0.42634090001229197,10,2744.8010340633746,849.0,53.0,139,93,49,113,1,0.0,0.0,0.0,True,True,True
pilot-10-uniform-0-smooth,pilot-10-uniform-0,100000,10,uniform,smooth,2bce94fd8c8dc12f96ab87d695f432155ee2a88bd2ebad95bd02be4043c3a684,JS,10,2888.4639142218857,288.84639142218856,10577.319571109429,115,22,2,0,True,,0.24328379999496974,10,2115.4639142218857,687.0,86.0,112,101,14,91,12,0.0,0.0,0.0,True,True,True
pilot-10-uniform-0-smooth,pilot-10-uniform-0,100000,10,uniform,smooth,2bce94fd8c8dc12f96ab87d695f432155ee2a88bd2ebad95bd02be4043c3a684,JO,10,2990.1247454687386,299.0124745468739,10870.623727343691,128,12,0,0,True,,0.38877839999622665,10,2174.124745468738,760.0,56.0,120,101,27,99,2,0.0,0.0,0.0,True,True,True
pilot-10-uniform-0-smooth,pilot-10-uniform-0,100000,10,uniform,smooth,2bce94fd8c8dc12f96ab87d695f432155ee2a88bd2ebad95bd02be4043c3a684,SO,10,3455.619070169257,345.5619070169257,13478.095350846284,119,10,0,0,True,,0.3409981000004336,10,2695.6190701692576,710.0,50.0,115,93,26,92,0,0.0,0.0,0.0,True,True,True
pilot-10-uniform-0-smooth,pilot-10-uniform-0,100000,10,uniform,smooth,2bce94fd8c8dc12f96ab87d695f432155ee2a88bd2ebad95bd02be4043c3a684,JSO,10,2840.7002613250897,284.070026132509,10413.501306625449,118,12,0,0,True,,0.34638090000953525,10,2082.7002613250897,702.0,56.0,112,101,17,91,2,0.0,0.0,0.0,True,True,True
pilot-10-uniform-0-smooth,pilot-10-uniform-0,100000,10,uniform,smooth,2bce94fd8c8dc12f96ab87d695f432155ee2a88bd2ebad95bd02be4043c3a684,JSO_ALLSCAN,10,4392.560959661644,439.2560959661644,10357.804798308214,377,14,0,0,True,,0.944384300004458,10,2071.560959661643,2259.0,62.0,374,360,17,350,4,0.0,0.0,0.0,True,True,True
pilot-10-uniform-0-spatial,pilot-10-uniform-0,100000,10,uniform,spatial,2bce94fd8c8dc12f96ab87d695f432155ee2a88bd2ebad95bd02be4043c3a684,ORIGINAL,10,4314.894223417576,431.4894223417576,16664.471117087876,144,33,1,0,True,,4.1496486000251025,10,3332.8942234175756,863.0,119.0,143,94,50,116,23,0.0,0.0,0.0,True,True,True
pilot-10-uniform-0-spatial,pilot-10-uniform-0,100000,10,uniform,spatial,2bce94fd8c8dc12f96ab87d695f432155ee2a88bd2ebad95bd02be4043c3a684,COMPACT,10,3723.279276918271,372.3279276918271,14126.396384591353,140,13,0,0,True,,1.147828200017102,10,2825.27927691827,839.0,59.0,139,93,47,113,3,0.0,0.0,0.0,True,True,True
pilot-10-uniform-0-spatial,pilot-10-uniform-0,100000,10,uniform,spatial,2bce94fd8c8dc12f96ab87d695f432155ee2a88bd2ebad95bd02be4043c3a684,J,10,3214.0380376422004,321.40380376422,12075.190188211003,121,20,0,0,True,,0.25426479999441653,10,2415.038037642201,719.0,80.0,114,93,28,93,10,0.0,0.0,0.0,True,True,True
pilot-10-uniform-0-spatial,pilot-10-uniform-0,100000,10,uniform,spatial,2bce94fd8c8dc12f96ab87d695f432155ee2a88bd2ebad95bd02be4043c3a684,S,10,3517.798229347355,351.77982293473553,13683.991146736776,119,17,1,0,True,,0.33554459997685626,10,2736.798229347355,710.0,71.0,115,93,26,92,7,0.0,0.0,0.0,True,True,True
pilot-10-uniform-0-spatial,pilot-10-uniform-0,100000,10,uniform,spatial,2bce94fd8c8dc12f96ab87d695f432155ee2a88bd2ebad95bd02be4043c3a684,O,10,3632.93341582827,363.293341582827,13654.667079141347,142,11,0,0,True,,0.39950060000410303,10,2730.933415828269,849.0,53.0,139,93,49,113,1,0.0,0.0,0.0,True,True,True
pilot-10-uniform-0-spatial,pilot-10-uniform-0,100000,10,uniform,spatial,2bce94fd8c8dc12f96ab87d695f432155ee2a88bd2ebad95bd02be4043c3a684,JS,10,3094.4749848882943,309.4474984888294,11392.374924441474,116,35,2,0,True,,0.47921920000226237,10,2278.474984888295,691.0,125.0,111,93,23,85,25,0.0,0.0,0.0,True,True,True
pilot-10-uniform-0-spatial,pilot-10-uniform-0,100000,10,uniform,spatial,2bce94fd8c8dc12f96ab87d695f432155ee2a88bd2ebad95bd02be4043c3a684,JO,10,3066.85338634247,306.685338634247,11314.266931712351,125,15,1,0,True,,0.4911648999841418,10,2262.8533863424705,739.0,65.0,114,93,32,93,5,0.0,0.0,0.0,True,True,True
pilot-10-uniform-0-spatial,pilot-10-uniform-0,100000,10,uniform,spatial,2bce94fd8c8dc12f96ab87d695f432155ee2a88bd2ebad95bd02be4043c3a684,SO,10,3484.0663393779714,348.40663393779715,13605.33169688986,119,11,0,0,True,,0.40198850000160746,10,2721.0663393779714,710.0,53.0,115,93,26,92,1,0.0,0.0,0.0,True,True,True
pilot-10-uniform-0-spatial,pilot-10-uniform-0,100000,10,uniform,spatial,2bce94fd8c8dc12f96ab87d695f432155ee2a88bd2ebad95bd02be4043c3a684,JSO,10,3003.906379061095,300.3906379061095,11284.531895305472,115,15,1,0,True,,0.4292989000095986,10,2256.9063790610944,682.0,65.0,107,93,22,84,5,0.0,0.0,0.0,True,True,True
pilot-10-uniform-0-spatial,pilot-10-uniform-0,100000,10,uniform,spatial,2bce94fd8c8dc12f96ab87d695f432155ee2a88bd2ebad95bd02be4043c3a684,JSO_ALLSCAN,10,4435.536408627623,443.55364086276234,11217.682043138117,355,15,1,0,True,,0.7142259000102058,10,2243.536408627623,2127.0,65.0,352,336,19,327,5,0.0,0.0,0.0,True,True,True
pilot-11-uniform-0-endpoint,pilot-11-uniform-0,101000,11,uniform,endpoint,bf1a6378e1d2a52a77f620626f168053c2b425f547fef2767183b8dde29ad6fe,ORIGINAL,11,3793.623706940965,344.87488244917864,14543.118534704823,135,18,0,0,True,,5.986886700004106,11,2908.6237069409644,809.0,76.0,134,80,55,101,7,0.0,0.0,0.0,True,True,True
pilot-11-uniform-0-endpoint,pilot-11-uniform-0,101000,11,uniform,endpoint,bf1a6378e1d2a52a77f620626f168053c2b425f547fef2767183b8dde29ad6fe,COMPACT,11,3546.3731755999593,322.3975614181781,13696.8658779998,119,24,1,0,True,,0.9967135000042617,11,2739.3731755999597,713.0,94.0,118,87,32,88,13,0.0,0.0,0.0,True,True,True
pilot-11-uniform-0-endpoint,pilot-11-uniform-0,101000,11,uniform,endpoint,bf1a6378e1d2a52a77f620626f168053c2b425f547fef2767183b8dde29ad6fe,J,11,3653.9872433267656,332.1806584842514,14089.936216633832,104,65,2,0,True,,0.6996381000208203,11,2817.9872433267665,619.0,217.0,99,83,21,76,54,0.0,0.0,436.05852295851855,True,True,True
pilot-11-uniform-0-endpoint,pilot-11-uniform-0,101000,11,uniform,endpoint,bf1a6378e1d2a52a77f620626f168053c2b425f547fef2767183b8dde29ad6fe,S,11,3906.0068866601737,355.09153515092487,16085.034433300869,106,11,0,0,True,,0.22455250000348315,11,3217.0068866601737,634.0,55.0,104,85,21,76,0,0.0,0.0,0.0,True,True,True
pilot-11-uniform-0-endpoint,pilot-11-uniform-0,101000,11,uniform,endpoint,bf1a6378e1d2a52a77f620626f168053c2b425f547fef2767183b8dde29ad6fe,O,11,3500.49115100187,318.2264682728973,13622.455755009352,120,12,0,0,True,,0.29198370000813156,11,2724.4911510018705,718.0,58.0,118,87,33,88,1,0.0,0.0,0.0,True,True,True
pilot-11-uniform-0-endpoint,pilot-11-uniform-0,101000,11,uniform,endpoint,bf1a6378e1d2a52a77f620626f168053c2b425f547fef2767183b8dde29ad6fe,JS,11,2971.9180561017874,270.1743687365261,11399.590280508939,99,26,1,0,True,,0.7903953000204638,11,2279.918056101788,592.0,100.0,97,78,21,68,15,0.0,0.0,0.0,True,True,True
pilot-11-uniform-0-endpoint,pilot-11-uniform-0,101000,11,uniform,endpoint,bf1a6378e1d2a52a77f620626f168053c2b425f547fef2767183b8dde29ad6fe,JO,11,3133.96534173891,284.90594015808273,12229.82670869455,105,14,0,0,True,,0.3292803000076674,11,2445.96534173891,624.0,64.0,99,83,22,76,3,0.0,0.0,436.05852295851855,True,True,True
pilot-11-uniform-0-endpoint,pilot-11-uniform-0,101000,11,uniform,endpoint,bf1a6378e1d2a52a77f620626f168053c2b425f547fef2767183b8dde29ad6fe,SO,11,3906.0068866601737,355.09153515092487,16085.034433300869,106,11,0,0,True,,0.40098410000791773,11,3217.0068866601737,634.0,55.0,104,85,21,76,0,0.0,0.0,0.0,True,True,True
pilot-11-uniform-0-endpoint,pilot-11-uniform-0,101000,11,uniform,endpoint,bf1a6378e1d2a52a77f620626f168053c2b425f547fef2767183b8dde29ad6fe,JSO,11,2886.875701333766,262.4432455757969,11319.378506668832,94,13,0,0,True,,0.2456538999977056,11,2263.8757013337668,562.0,61.0,92,78,16,67,2,0.0,0.0,0.0,True,True,True
pilot-11-uniform-0-endpoint,pilot-11-uniform-0,101000,11,uniform,endpoint,bf1a6378e1d2a52a77f620626f168053c2b425f547fef2767183b8dde29ad6fe,JSO_ALLSCAN,11,4022.2071971136265,365.6551997376024,11741.035985568138,268,15,0,0,True,,0.8500454999739304,11,2348.207197113627,1607.0,67.0,267,245,23,236,4,0.0,0.0,0.0,True,True,True
pilot-11-uniform-0-smooth,pilot-11-uniform-0,101000,11,uniform,smooth,bf1a6378e1d2a52a77f620626f168053c2b425f547fef2767183b8dde29ad6fe,ORIGINAL,11,3746.376805711722,340.57970961015656,14336.884028558607,136,14,0,0,True,,5.336584100004984,11,2867.376805711722,815.0,64.0,135,80,56,101,3,0.0,0.0,0.0,True,True,True
pilot-11-uniform-0-smooth,pilot-11-uniform-0,101000,11,uniform,smooth,bf1a6378e1d2a52a77f620626f168053c2b425f547fef2767183b8dde29ad6fe,COMPACT,11,3460.672804175052,314.60661856136835,13448.36402087526,119,12,0,0,True,,0.8943564999790397,11,2689.672804175052,713.0,58.0,118,87,32,88,1,0.0,0.0,0.0,True,True,True
pilot-11-uniform-0-smooth,pilot-11-uniform-0,101000,11,uniform,smooth,bf1a6378e1d2a52a77f620626f168053c2b425f547fef2767183b8dde29ad6fe,J,11,3109.291404554353,282.66285495948665,12151.457022771765,99,22,1,0,True,,0.6714912000170443,11,2430.2914045543525,591.0,88.0,96,78,21,74,11,0.0,0.0,718.3158296121092,True,True,True
pilot-11-uniform-0-smooth,pilot-11-uniform-0,101000,11,uniform,smooth,bf1a6378e1d2a52a77f620626f168053c2b425f547fef2767183b8dde29ad6fe,S,11,3910.1300638940866,355.46636944491695,16075.65031947044,107,11,0,0,True,,0.3254317999817431,11,3215.130063894087,640.0,55.0,105,85,22,77,0,0.0,0.0,0.0,True,True,True
pilot-11-uniform-0-smooth,pilot-11-uniform-0,101000,11,uniform,smooth,bf1a6378e1d2a52a77f620626f168053c2b425f547fef2767183b8dde29ad6fe,O,11,3459.9458398717607,314.5405308974328,13434.729199358806,120,11,0,0,True,,0.4636455000145361,11,2686.9458398717607,718.0,55.0,118,87,33,88,0,0.0,0.0,0.0,True,True,True
pilot-11-uniform-0-smooth,pilot-11-uniform-0,101000,11,uniform,smooth,bf1a6378e1d2a52a77f620626f168053c2b425f547fef2767183b8dde29ad6fe,JS,11,2856.4811446531385,259.6801040593762,11132.405723265692,95,13,0,0,True,,0.23698990000411868,11,2226.4811446531385,569.0,61.0,94,78,17,69,2,0.0,0.0,0.0,True,True,True
pilot-11-uniform-0-smooth,pilot-11-uniform-0,101000,11,uniform,smooth,bf1a6378e1d2a52a77f620626f168053c2b425f547fef2767183b8dde29ad6fe,JO,11,2970.3371054227755,270.03064594752504,11581.685527113876,100,12,0,0,True,,0.17438129999209195,11,2316.337105422775,596.0,58.0,96,78,22,74,1,0.0,0.0,718.3158296121092,True,True,True
pilot-11-uniform-0-smooth,pilot-11-uniform-0,101000,11,uniform,smooth,bf1a6378e1d2a52a77f620626f168053c2b425f547fef2767183b8dde29ad6fe,SO,11,3910.1300638940866,355.46636944491695,16075.65031947044,107,11,0,0,True,,0.2871113999863155,11,3215.130063894087,640.0,55.0,105,85,22,77,0,0.0,0.0,0.0,True,True,True
pilot-11-uniform-0-smooth,pilot-11-uniform-0,101000,11,uniform,smooth,bf1a6378e1d2a52a77f620626f168053c2b425f547fef2767183b8dde29ad6fe,JSO,11,2973.886817914491,270.35334708313553,11674.434089572453,96,14,0,0,True,,0.2456160000001546,11,2334.8868179144906,575.0,64.0,95,78,18,68,3,0.0,0.0,0.0,True,True,True
pilot-11-uniform-0-smooth,pilot-11-uniform-0,101000,11,uniform,smooth,bf1a6378e1d2a52a77f620626f168053c2b425f547fef2767183b8dde29ad6fe,JSO_ALLSCAN,11,4024.7131762015606,365.8830160183237,12518.565881007802,243,14,0,0,True,,0.7178490000078455,11,2503.7131762015606,1457.0,64.0,242,224,19,214,3,0.0,0.0,0.0,True,True,True
pilot-11-uniform-0-spatial,pilot-11-uniform-0,101000,11,uniform,spatial,bf1a6378e1d2a52a77f620626f168053c2b425f547fef2767183b8dde29ad6fe,ORIGINAL,11,3944.743440027709,358.61304000251897,15238.717200138544,139,14,0,0,True,,6.413568999996642,11,3047.743440027709,833.0,64.0,138,80,59,101,3,0.0,0.0,0.0,True,True,True
pilot-11-uniform-0-spatial,pilot-11-uniform-0,101000,11,uniform,spatial,bf1a6378e1d2a52a77f620626f168053c2b425f547fef2767183b8dde29ad6fe,COMPACT,11,3438.034601082863,312.5486000984421,13305.17300541431,120,12,0,0,True,,1.0346083999902476,11,2661.034601082862,719.0,58.0,119,87,33,88,1,0.0,0.0,0.0,True,True,True
pilot-11-uniform-0-spatial,pilot-11-uniform-0,101000,11,uniform,spatial,bf1a6378e1d2a52a77f620626f168053c2b425f547fef2767183b8dde29ad6fe,J,11,3466.9594811407474,315.17813464915884,13299.797405703739,115,33,2,0,True,,0.5447346000000834,11,2659.959481140748,686.0,121.0,111,85,30,90,22,0.0,0.0,399.27886526728435,True,True,True
pilot-11-uniform-0-spatial,pilot-11-uniform-0,101000,11,uniform,spatial,bf1a6378e1d2a52a77f620626f168053c2b425f547fef2767183b8dde29ad6fe,S,11,3723.1260568859507,338.46600517145004,15165.630284429752,106,11,0,0,True,,0.4208290000096895,11,3033.12605688595,635.0,55.0,105,84,22,75,0,0.0,0.0,0.0,True,True,True
pilot-11-uniform-0-spatial,pilot-11-uniform-0,101000,11,uniform,spatial,bf1a6378e1d2a52a77f620626f168053c2b425f547fef2767183b8dde29ad6fe,O,11,3413.5174603475202,310.31976912250184,13172.587301737602,121,11,0,0,True,,0.3827965999953449,11,2634.5174603475202,724.0,55.0,119,87,34,88,0,0.0,0.0,0.0,True,True,True
pilot-11-uniform-0-spatial,pilot-11-uniform-0,101000,11,uniform,spatial,bf1a6378e1d2a52a77f620626f168053c2b425f547fef2767183b8dde29ad6fe,JS,11,3192.351067900927,290.2137334455388,12346.75533950463,106,23,2,0,True,,0.48008099998696707,11,2469.351067900926,632.0,91.0,102,89,17,80,12,0.0,0.0,0.0,True,True,True
pilot-11-uniform-0-spatial,pilot-11-uniform-0,101000,11,uniform,spatial,bf1a6378e1d2a52a77f620626f168053c2b425f547fef2767183b8dde29ad6fe,JO,11,3279.582468442442,298.14386076749474,12552.912342212212,119,13,0,0,True,,0.38915410000481643,11,2510.582468442443,708.0,61.0,113,85,34,90,2,0.0,0.0,399.27886526728435,True,True,True
pilot-11-uniform-0-spatial,pilot-11-uniform-0,101000,11,uniform,spatial,bf1a6378e1d2a52a77f620626f168053c2b425f547fef2767183b8dde29ad6fe,SO,11,3723.1260568859507,338.46600517145004,15165.630284429752,106,11,0,0,True,,0.3908291000116151,11,3033.12605688595,635.0,55.0,105,84,22,75,0,0.0,0.0,0.0,True,True,True
pilot-11-uniform-0-spatial,pilot-11-uniform-0,101000,11,uniform,spatial,bf1a6378e1d2a52a77f620626f168053c2b425f547fef2767183b8dde29ad6fe,JSO,11,2878.028154464716,261.63892313315597,11360.140772323584,92,11,0,0,True,,0.1845352000091225,11,2272.028154464717,551.0,55.0,91,78,14,67,0,0.0,0.0,0.0,True,True,True
pilot-11-uniform-0-spatial,pilot-11-uniform-0,101000,11,uniform,spatial,bf1a6378e1d2a52a77f620626f168053c2b425f547fef2767183b8dde29ad6fe,JSO_ALLSCAN,11,4426.542052744273,402.412913885843,11977.710263721361,328,14,0,0,True,,0.6113666000019293,11,2395.542052744273,1967.0,64.0,327,310,18,299,3,0.0,0.0,0.0,True,True,True
pilot-12-uniform-0-endpoint,pilot-12-uniform-0,102000,12,uniform,endpoint,d8f001546aea6e6d7f391a3a26e929b94924a5817efbf5425b172c3902c37441,ORIGINAL,12,4120.929600494656,343.41080004122136,15909.648002473283,137,32,2,0,True,,5.624823899997864,12,3181.929600494656,819.0,120.0,134,74,63,101,20,0.0,0.0,0.0,True,True,True
pilot-12-uniform-0-endpoint,pilot-12-uniform-0,102000,12,uniform,endpoint,d8f001546aea6e6d7f391a3a26e929b94924a5817efbf5425b172c3902c37441,COMPACT,12,3803.34166612398,316.945138843665,14611.7083306199,135,17,0,0,True,,1.2390787999902386,12,2922.3416661239808,806.0,75.0,131,74,61,101,5,0.0,0.0,0.0,True,True,True
pilot-12-uniform-0-endpoint,pilot-12-uniform-0,102000,12,uniform,endpoint,d8f001546aea6e6d7f391a3a26e929b94924a5817efbf5425b172c3902c37441,J,12,2904.8430613325754,242.07025511104794,10734.215306662873,107,32,1,0,True,,0.503169000003254,12,2146.8430613325745,638.0,120.0,103,83,24,79,20,0.0,0.0,209.33315132659436,True,True,True
pilot-12-uniform-0-endpoint,pilot-12-uniform-0,102000,12,uniform,endpoint,d8f001546aea6e6d7f391a3a26e929b94924a5817efbf5425b172c3902c37441,S,12,3540.3977007491844,295.0331417290987,14191.988503745915,105,17,0,0,True,,0.4516639999928884,12,2838.3977007491835,627.0,75.0,102,74,31,70,5,0.0,0.0,0.0,True,True,True
pilot-12-uniform-0-endpoint,pilot-12-uniform-0,102000,12,uniform,endpoint,d8f001546aea6e6d7f391a3a26e929b94924a5817efbf5425b172c3902c37441,O,12,3879.739536937642,323.31162807813683,14928.69768468821,138,15,0,0,True,,0.7979444000229705,12,2985.7395369376422,825.0,69.0,135,74,64,101,3,0.0,0.0,0.0,True,True,True
pilot-12-uniform-0-endpoint,pilot-12-uniform-0,102000,12,uniform,endpoint,d8f001546aea6e6d7f391a3a26e929b94924a5817efbf5425b172c3902c37441,JS,12,3001.2936000482296,250.10780000401914,10956.468000241144,113,39,2,0,True,,0.7088870999868959,12,2191.293600048229,669.0,141.0,104,83,30,77,27,4.547473508864641e-13,0.0,209.8471165612882,True,True,True
pilot-12-uniform-0-endpoint,pilot-12-uniform-0,102000,12,uniform,endpoint,d8f001546aea6e6d7f391a3a26e929b94924a5817efbf5425b172c3902c37441,JO,12,2981.1257728392598,248.42714773660498,11045.628864196296,117,19,0,0,True,,0.425447699992219,12,2209.125772839259,691.0,81.0,106,83,34,79,7,0.0,0.0,209.33315132659436,True,True,True
pilot-12-uniform-0-endpoint,pilot-12-uniform-0,102000,12,uniform,endpoint,d8f001546aea6e6d7f391a3a26e929b94924a5817efbf5425b172c3902c37441,SO,12,3648.625109381323,304.0520924484436,14698.125546906616,107,15,0,0,True,,0.6030001000035554,12,2939.625109381323,640.0,69.0,105,74,33,70,3,0.0,0.0,0.0,True,True,True
pilot-12-uniform-0-endpoint,pilot-12-uniform-0,102000,12,uniform,endpoint,d8f001546aea6e6d7f391a3a26e929b94924a5817efbf5425b172c3902c37441,JSO,12,3026.426429850582,252.20220248754848,11312.132149252908,115,20,0,0,True,,0.6598110999912024,12,2262.426429850582,680.0,84.0,105,83,32,75,8,0.0,0.0,211.47067387128845,True,True,True
pilot-12-uniform-0-endpoint,pilot-12-uniform-0,102000,12,uniform,endpoint,d8f001546aea6e6d7f391a3a26e929b94924a5817efbf5425b172c3902c37441,JSO_ALLSCAN,12,5447.90184333607,453.99182027800583,12184.509216680342,488,20,0,0,True,,1.1539473999873735,12,2436.901843336068,2927.0,84.0,487,456,32,448,8,2.2737367544323206e-13,0.0,482.7907635168049,True,True,True
pilot-12-uniform-0-smooth,pilot-12-uniform-0,102000,12,uniform,smooth,d8f001546aea6e6d7f391a3a26e929b94924a5817efbf5425b172c3902c37441,ORIGINAL,12,3886.9492870323847,323.91244058603206,15029.746435161926,137,13,0,0,True,,5.886378299997887,12,3005.9492870323847,818.0,63.0,133,74,63,101,1,0.0,0.0,0.0,True,True,True
pilot-12-uniform-0-smooth,pilot-12-uniform-0,102000,12,uniform,smooth,d8f001546aea6e6d7f391a3a26e929b94924a5817efbf5425b172c3902c37441,COMPACT,12,3742.7339327611585,311.8944943967632,14273.669663805791,138,13,0,0,True,,1.1436117999837734,12,2854.733932761158,825.0,63.0,135,74,64,100,1,0.0,0.0,0.0,True,True,True
pilot-12-uniform-0-smooth,pilot-12-uniform-0,102000,12,uniform,smooth,d8f001546aea6e6d7f391a3a26e929b94924a5817efbf5425b172c3902c37441,J,12,2751.3129932593015,229.27608277160846,10216.564966296504,106,17,0,0,True,,0.2911193000036292,12,2043.3129932593013,633.0,75.0,103,83,23,79,5,0.0,0.0,212.5652229384923,True,True,True
pilot-12-uniform-0-smooth,pilot-12-uniform-0,102000,12,uniform,smooth,d8f001546aea6e6d7f391a3a26e929b94924a5817efbf5425b172c3902c37441,S,12,3691.0251962295333,307.5854330191278,14945.125981147665,107,13,0,0,True,,0.4149360000155866,12,2989.0251962295333,639.0,63.0,104,74,33,68,1,4.547473508864641e-13,0.0,0.0,True,True,True
pilot-12-uniform-0-smooth,pilot-12-uniform-0,102000,12,uniform,smooth,d8f001546aea6e6d7f391a3a26e929b94924a5817efbf5425b172c3902c37441,O,12,3744.6138181775514,312.05115151479595,14233.069090887755,140,13,0,0,True,,0.7503413999802433,12,2846.613818177551,835.0,63.0,135,74,66,100,1,0.0,0.0,0.0,True,True,True
pilot-12-uniform-0-smooth,pilot-12-uniform-0,102000,12,uniform,smooth,d8f001546aea6e6d7f391a3a26e929b94924a5817efbf5425b172c3902c37441,JS,12,2736.4304764604335,228.03587303836946,9982.152382302173,105,31,2,0,True,,0.42562749999342486,12,1996.4304764604335,623.0,117.0,98,83,22,73,19,0.0,0.0,212.56258088215918,True,True,True
pilot-12-uniform-0-smooth,pilot-12-uniform-0,102000,12,uniform,smooth,d8f001546aea6e6d7f391a3a26e929b94924a5817efbf5425b172c3902c37441,JO,12,2736.8269372406926,228.0689114367244,10099.13468620346,109,15,0,0,True,,0.3019998000236228,12,2019.8269372406926,648.0,69.0,103,83,26,79,3,0.0,0.0,212.5652229384923,True,True,True
pilot-12-uniform-0-smooth,pilot-12-uniform-0,102000,12,uniform,smooth,d8f001546aea6e6d7f391a3a26e929b94924a5817efbf5425b172c3902c37441,SO,12,3733.252996961578,311.10441641346483,15131.264984807887,108,13,0,0,True,,0.5380094999854919,12,3026.252996961578,644.0,63.0,104,74,34,68,1,4.547473508864641e-13,0.0,0.0,True,True,True
pilot-12-uniform-0-smooth,pilot-12-uniform-0,102000,12,uniform,smooth,d8f001546aea6e6d7f391a3a26e929b94924a5817efbf5425b172c3902c37441,JSO,12,2834.806285808154,236.23385715067948,10664.031429040768,105,18,0,0,True,,0.3736313999979757,12,2132.806285808154,624.0,78.0,99,83,22,73,6,0.0,0.0,212.56258088215918,True,True,True
pilot-12-uniform-0-smooth,pilot-12-uniform-0,102000,12,uniform,smooth,d8f001546aea6e6d7f391a3a26e929b94924a5817efbf5425b172c3902c37441,JSO_ALLSCAN,12,4651.913170931654,387.6594309109712,11464.565854658269,381,17,0,0,True,,0.8597008000069764,12,2292.913170931654,2284.0,75.0,379,359,22,349,5,0.0,0.0,481.7866663719633,True,True,True
pilot-12-uniform-0-spatial,pilot-12-uniform-0,102000,12,uniform,spatial,d8f001546aea6e6d7f391a3a26e929b94924a5817efbf5425b172c3902c37441,ORIGINAL,12,4087.9609563722192,340.66341303101825,15969.804781861098,139,13,0,0,True,,6.220708000008017,12,3193.9609563722197,831.0,63.0,136,74,65,101,1,0.0,0.0,0.0,True,True,True
pilot-12-uniform-0-spatial,pilot-12-uniform-0,102000,12,uniform,spatial,d8f001546aea6e6d7f391a3a26e929b94924a5817efbf5425b172c3902c37441,COMPACT,12,3750.649541405957,312.5541284504964,14318.247707029785,138,13,0,0,True,,1.1919244999880902,12,2863.6495414059573,824.0,63.0,134,74,64,100,1,0.0,0.0,0.0,True,True,True
pilot-12-uniform-0-spatial,pilot-12-uniform-0,102000,12,uniform,spatial,d8f001546aea6e6d7f391a3a26e929b94924a5817efbf5425b172c3902c37441,J,12,2986.6276341939124,248.88563618282603,11118.138170969565,108,32,1,0,True,,0.3506935999903362,12,2223.6276341939133,643.0,120.0,103,83,25,79,20,0.0,0.0,210.5431166430617,True,True,True
pilot-12-uniform-0-spatial,pilot-12-uniform-0,102000,12,uniform,spatial,d8f001546aea6e6d7f391a3a26e929b94924a5817efbf5425b172c3902c37441,S,12,3676.473859180305,306.37282159835877,14942.36929590153,105,13,0,0,True,,0.5629403000057209,12,2988.473859180305,625.0,63.0,100,74,31,68,1,0.0,0.0,0.0,True,True,True
pilot-12-uniform-0-spatial,pilot-12-uniform-0,102000,12,uniform,spatial,d8f001546aea6e6d7f391a3a26e929b94924a5817efbf5425b172c3902c37441,O,12,3706.148145312854,308.84567877607117,14085.740726564267,139,12,0,0,True,,0.7460422000149265,12,2817.1481453128545,829.0,60.0,134,74,65,100,0,0.0,0.0,0.0,True,True,True
pilot-12-uniform-0-spatial,pilot-12-uniform-0,102000,12,uniform,spatial,d8f001546aea6e6d7f391a3a26e929b94924a5817efbf5425b172c3902c37441,JS,12,2897.1802458197503,241.43168715164586,10470.901229098754,111,41,3,0,True,,0.3994693999993615,12,2094.180245819751,656.0,147.0,101,83,28,78,29,0.0,0.0,210.99454245526658,True,True,True
pilot-12-uniform-0-spatial,pilot-12-uniform-0,102000,12,uniform,spatial,d8f001546aea6e6d7f391a3a26e929b94924a5817efbf5425b172c3902c37441,JO,12,2832.615755333896,236.05131294449131,10353.078776669481,113,23,1,0,True,,0.3482763000065461,12,2070.6157553338962,669.0,93.0,104,83,30,79,11,0.0,0.0,210.5431166430617,True,True,True
pilot-12-uniform-0-spatial,pilot-12-uniform-0,102000,12,uniform,spatial,d8f001546aea6e6d7f391a3a26e929b94924a5817efbf5425b172c3902c37441,SO,12,3675.743124502554,306.3119270418795,14953.71562251277,105,12,0,0,True,,0.4618311999947764,12,2990.743124502554,625.0,60.0,100,74,31,68,0,0.0,0.0,0.0,True,True,True
pilot-12-uniform-0-spatial,pilot-12-uniform-0,102000,12,uniform,spatial,d8f001546aea6e6d7f391a3a26e929b94924a5817efbf5425b172c3902c37441,JSO,12,2790.0859933107486,232.50716610922905,10285.429966553736,108,23,1,0,True,,0.3349787000042852,12,2057.0859933107477,640.0,93.0,100,83,25,75,11,0.0,0.0,210.99454245526658,True,True,True
pilot-12-uniform-0-spatial,pilot-12-uniform-0,102000,12,uniform,spatial,d8f001546aea6e6d7f391a3a26e929b94924a5817efbf5425b172c3902c37441,JSO_ALLSCAN,12,4339.898307154728,361.65819226289403,10459.491535773637,363,16,0,0,True,,0.8140404000005219,12,2091.8983071547277,2176.0,72.0,361,339,24,331,4,0.0,0.0,259.00334469191966,True,True,True
pilot-13-uniform-0-endpoint,pilot-13-uniform-0,103000,13,uniform,endpoint,55d05dfe106d4a4709a2b5558499d0e8cd6d6c232f9ccb7beabcd1b904c50d27,ORIGINAL,13,5203.011146474823,400.2316266519095,21205.055732374116,133,47,2,0,True,,5.393368000019109,13,4241.011146474825,795.0,167.0,130,83,50,97,34,0.0,0.0,0.0,True,True,True
pilot-13-uniform-0-endpoint,pilot-13-uniform-0,103000,13,uniform,endpoint,55d05dfe106d4a4709a2b5558499d0e8cd6d6c232f9ccb7beabcd1b904c50d27,COMPACT,13,4398.144977647876,338.318844434452,17295.724888239376,136,33,1,0,True,,2.374171999981627,13,3459.1449776478753,814.0,125.0,134,83,53,94,20,0.0,0.0,0.0,True,True,True
pilot-13-uniform-0-endpoint,pilot-13-uniform-0,103000,13,uniform,endpoint,55d05dfe106d4a4709a2b5558499d0e8cd6d6c232f9ccb7beabcd1b904c50d27,J,13,3945.88740271846,303.5298002091123,15099.437013592298,119,64,3,0,True,,1.3707380999985617,13,3019.88740271846,708.0,218.0,113,84,35,83,51,0.0,0.0,0.0,True,True,True
pilot-13-uniform-0-endpoint,pilot-13-uniform-0,103000,13,uniform,endpoint,55d05dfe106d4a4709a2b5558499d0e8cd6d6c232f9ccb7beabcd1b904c50d27,S,13,4451.5428253555465,342.42637118119586,17902.71412677773,116,52,3,0,True,,0.7959777000069153,13,3580.5428253555465,689.0,182.0,109,83,33,75,39,0.0,0.0,0.0,True,True,True
pilot-13-uniform-0-endpoint,pilot-13-uniform-0,103000,13,uniform,endpoint,55d05dfe106d4a4709a2b5558499d0e8cd6d6c232f9ccb7beabcd1b904c50d27,O,13,4244.474219695815,326.4980168996781,16742.371098479078,138,15,0,0,True,,0.7151589999848511,13,3348.474219695815,825.0,71.0,135,83,55,94,2,0.0,0.0,0.0,True,True,True
pilot-13-uniform-0-endpoint,pilot-13-uniform-0,103000,13,uniform,endpoint,55d05dfe106d4a4709a2b5558499d0e8cd6d6c232f9ccb7beabcd1b904c50d27,JS,13,3951.489679863812,303.9607446049086,15207.448399319062,105,87,7,0,True,,0.5340627999976277,13,3041.4896798638124,623.0,287.0,98,84,21,71,74,0.0,0.0,0.0,True,True,True
pilot-13-uniform-0-endpoint,pilot-13-uniform-0,103000,13,uniform,endpoint,55d05dfe106d4a4709a2b5558499d0e8cd6d6c232f9ccb7beabcd1b904c50d27,JO,13,3727.638387110667,286.7414143931282,14393.191935553332,128,22,0,0,True,,0.6941120000265073,13,2878.638387110667,757.0,92.0,117,84,44,83,9,0.0,0.0,0.0,True,True,True
pilot-13-uniform-0-endpoint,pilot-13-uniform-0,103000,13,uniform,endpoint,55d05dfe106d4a4709a2b5558499d0e8cd6d6c232f9ccb7beabcd1b904c50d27,SO,13,4438.473981996622,341.42107553820165,18257.36990998311,118,19,0,0,True,,0.6384694000007585,13,3651.473981996622,704.0,83.0,114,83,35,75,6,0.0,0.0,0.0,True,True,True
pilot-13-uniform-0-endpoint,pilot-13-uniform-0,103000,13,uniform,endpoint,55d05dfe106d4a4709a2b5558499d0e8cd6d6c232f9ccb7beabcd1b904c50d27,JSO,13,3752.4683826648193,288.65141405113997,14967.341913324093,112,23,0,0,True,,0.5515542000066489,13,2993.468382664819,664.0,95.0,104,84,28,71,10,0.0,0.0,0.0,True,True,True
pilot-13-uniform-0-endpoint,pilot-13-uniform-0,103000,13,uniform,endpoint,55d05dfe106d4a4709a2b5558499d0e8cd6d6c232f9ccb7beabcd1b904c50d27,JSO_ALLSCAN,13,5852.437500888703,450.18750006836177,14712.187504443524,469,24,0,0,True,,1.130475399986608,13,2942.4375008887046,2812.0,98.0,467,438,31,425,11,0.0,0.0,0.0,True,True,True
pilot-13-uniform-0-smooth,pilot-13-uniform-0,103000,13,uniform,smooth,55d05dfe106d4a4709a2b5558499d0e8cd6d6c232f9ccb7beabcd1b904c50d27,ORIGINAL,13,4591.634060915681,353.20262007043704,18493.17030457841,133,24,1,0,True,,4.3085002999869175,13,3698.6340609156823,795.0,98.0,130,83,50,96,11,0.0,0.0,0.0,True,True,True
pilot-13-uniform-0-smooth,pilot-13-uniform-0,103000,13,uniform,smooth,55d05dfe106d4a4709a2b5558499d0e8cd6d6c232f9ccb7beabcd1b904c50d27,COMPACT,13,4288.838064651647,329.910620357819,17099.19032325823,129,24,1,0,True,,1.7167744000034872,13,3419.838064651646,771.0,98.0,126,83,46,91,11,0.0,0.0,0.0,True,True,True
pilot-13-uniform-0-smooth,pilot-13-uniform-0,103000,13,uniform,smooth,55d05dfe106d4a4709a2b5558499d0e8cd6d6c232f9ccb7beabcd1b904c50d27,J,13,3814.007622339357,293.3852017184121,14860.038111696782,118,38,1,0,True,,0.8042439999990165,13,2972.007622339356,702.0,140.0,112,84,34,83,25,0.0,0.0,0.0,True,True,True
pilot-13-uniform-0-smooth,pilot-13-uniform-0,103000,13,uniform,smooth,55d05dfe106d4a4709a2b5558499d0e8cd6d6c232f9ccb7beabcd1b904c50d27,S,13,4077.018192225984,313.6167840173834,16575.09096112992,110,26,1,0,True,,0.5016049999976531,13,3315.018192225984,658.0,104.0,108,83,27,72,13,0.0,0.0,0.0,True,True,True
pilot-13-uniform-0-smooth,pilot-13-uniform-0,103000,13,uniform,smooth,55d05dfe106d4a4709a2b5558499d0e8cd6d6c232f9ccb7beabcd1b904c50d27,O,13,4137.598508958877,318.27680838145204,16467.992544794386,130,14,0,0,True,,0.5708726000157185,13,3293.598508958877,776.0,68.0,126,83,47,91,1,0.0,0.0,0.0,True,True,True
pilot-13-uniform-0-smooth,pilot-13-uniform-0,103000,13,uniform,smooth,55d05dfe106d4a4709a2b5558499d0e8cd6d6c232f9ccb7beabcd1b904c50d27,JS,13,3615.305216972394,278.10040130556877,14121.526084861967,108,42,3,0,True,,0.7980256000009831,13,2824.305216972394,639.0,152.0,99,84,24,71,29,0.0,0.0,0.0,True,True,True
pilot-13-uniform-0-smooth,pilot-13-uniform-0,103000,13,uniform,smooth,55d05dfe106d4a4709a2b5558499d0e8cd6d6c232f9ccb7beabcd1b904c50d27,JO,13,3436.9072758459165,264.3774827573782,13249.53637922958,120,16,0,0,True,,0.5374574000015855,13,2649.9072758459165,713.0,74.0,113,84,36,83,3,0.0,0.0,0.0,True,True,True
pilot-13-uniform-0-smooth,pilot-13-uniform-0,103000,13,uniform,smooth,55d05dfe106d4a4709a2b5558499d0e8cd6d6c232f9ccb7beabcd1b904c50d27,SO,13,4061.508523903234,312.4237326079411,16672.542619516174,110,15,0,0,True,,0.42001870000967756,13,3334.508523903234,656.0,71.0,106,83,27,72,2,0.0,0.0,0.0,True,True,True
pilot-13-uniform-0-smooth,pilot-13-uniform-0,103000,13,uniform,smooth,55d05dfe106d4a4709a2b5558499d0e8cd6d6c232f9ccb7beabcd1b904c50d27,JSO,13,3521.9860729243933,270.9220056095687,14034.930364621969,107,18,0,0,True,,0.4774429999815766,13,2806.9860729243933,635.0,80.0,100,84,23,71,5,0.0,0.0,0.0,True,True,True
pilot-13-uniform-0-smooth,pilot-13-uniform-0,103000,13,uniform,smooth,55d05dfe106d4a4709a2b5558499d0e8cd6d6c232f9ccb7beabcd1b904c50d27,JSO_ALLSCAN,13,5013.093448680728,385.6225729754406,13310.467243403646,379,18,0,0,True,,1.122923399991123,13,2662.0934486807296,2271.0,80.0,376,354,25,341,5,0.0,0.0,0.0,True,True,True
pilot-13-uniform-0-spatial,pilot-13-uniform-0,103000,13,uniform,spatial,55d05dfe106d4a4709a2b5558499d0e8cd6d6c232f9ccb7beabcd1b904c50d27,ORIGINAL,13,5018.154158793976,386.01185836876743,20665.77079396989,136,15,0,0,True,,5.198163199995179,13,4133.154158793976,814.0,71.0,134,83,53,99,2,0.0,0.0,0.0,True,True,True
pilot-13-uniform-0-spatial,pilot-13-uniform-0,103000,13,uniform,spatial,55d05dfe106d4a4709a2b5558499d0e8cd6d6c232f9ccb7beabcd1b904c50d27,COMPACT,13,4741.3868039809,364.7220618446846,19066.934019904496,142,17,0,0,True,,2.117358499992406,13,3813.3868039809004,851.0,77.0,141,83,59,102,4,0.0,0.0,0.0,True,True,True
pilot-13-uniform-0-spatial,pilot-13-uniform-0,103000,13,uniform,spatial,55d05dfe106d4a4709a2b5558499d0e8cd6d6c232f9ccb7beabcd1b904c50d27,J,13,3660.4003136597053,281.5692548969004,14072.001568298521,115,45,3,0,True,,1.4605391999939457,13,2814.4003136597044,685.0,161.0,110,84,31,83,32,0.0,0.0,0.0,True,True,True
pilot-13-uniform-0-spatial,pilot-13-uniform-0,103000,13,uniform,spatial,55d05dfe106d4a4709a2b5558499d0e8cd6d6c232f9ccb7beabcd1b904c50d27,S,13,4393.0759340201685,337.92891800155144,18275.37967010084,112,14,0,0,True,,0.5624086999741849,13,3655.0759340201685,670.0,68.0,110,83,29,75,1,0.0,0.0,0.0,True,True,True
pilot-13-uniform-0-spatial,pilot-13-uniform-0,103000,13,uniform,spatial,55d05dfe106d4a4709a2b5558499d0e8cd6d6c232f9ccb7beabcd1b904c50d27,O,13,4537.828099771189,349.06369998239916,18109.140498855948,142,13,0,0,True,,0.895210099988617,13,3621.8280997711895,851.0,65.0,141,83,59,102,0,0.0,0.0,0.0,True,True,True
pilot-13-uniform-0-spatial,pilot-13-uniform-0,103000,13,uniform,spatial,55d05dfe106d4a4709a2b5558499d0e8cd6d6c232f9ccb7beabcd1b904c50d27,JS,13,3422.6543068593273,263.28110052764055,13328.271534296635,103,40,2,0,True,,0.3648449000029359,13,2665.654306859327,611.0,146.0,96,84,19,71,27,0.0,0.0,0.0,True,True,True
pilot-13-uniform-0-spatial,pilot-13-uniform-0,103000,13,uniform,spatial,55d05dfe106d4a4709a2b5558499d0e8cd6d6c232f9ccb7beabcd1b904c50d27,JO,13,3446.7131003664445,265.13177695126495,13263.565501832216,121,17,0,0,True,,0.4345477999886498,13,2652.7131003664435,717.0,77.0,112,84,37,83,4,0.0,0.0,0.0,True,True,True
pilot-13-uniform-0-spatial,pilot-13-uniform-0,103000,13,uniform,spatial,55d05dfe106d4a4709a2b5558499d0e8cd6d6c232f9ccb7beabcd1b904c50d27,SO,13,4354.68367644144,334.9756674185723,18123.4183822072,111,13,0,0,True,,0.4467383000010159,13,3624.68367644144,665.0,65.0,110,83,28,75,0,0.0,0.0,0.0,True,True,True
pilot-13-uniform-0-spatial,pilot-13-uniform-0,103000,13,uniform,spatial,55d05dfe106d4a4709a2b5558499d0e8cd6d6c232f9ccb7beabcd1b904c50d27,JSO,13,3347.623813552068,257.5095241193898,13213.119067760332,106,17,0,0,True,,0.43654689998948015,13,2642.623813552067,628.0,77.0,98,84,22,71,4,0.0,0.0,0.0,True,True,True
pilot-13-uniform-0-spatial,pilot-13-uniform-0,103000,13,uniform,spatial,55d05dfe106d4a4709a2b5558499d0e8cd6d6c232f9ccb7beabcd1b904c50d27,JSO_ALLSCAN,13,4702.76070469368,361.7508234379754,12703.803523468394,348,17,0,0,True,,0.9061925999994855,13,2540.7607046936787,2085.0,77.0,345,325,23,312,4,0.0,0.0,0.0,True,True,True
pilot-14-uniform-0-endpoint,pilot-14-uniform-0,104000,14,uniform,endpoint,5db9c8dc146efb78a29acf8bbc8cb1a1536cb4aa93548253cc33db3e2f06e432,ORIGINAL,14,4555.500842209774,325.3929173006982,17827.504211048872,131,59,2,0,True,,8.46295309998095,14,3565.5008422097744,785.0,205.0,130,66,65,93,45,0.0,0.0,0.0,True,True,True
pilot-14-uniform-0-endpoint,pilot-14-uniform-0,104000,14,uniform,endpoint,5db9c8dc146efb78a29acf8bbc8cb1a1536cb4aa93548253cc33db3e2f06e432,COMPACT,14,3710.1799354427962,265.0128525316283,14360.899677213984,127,17,0,0,True,,1.6682350000191946,14,2872.1799354427967,759.0,79.0,124,68,59,78,3,0.0,0.0,0.0,True,True,True
pilot-14-uniform-0-endpoint,pilot-14-uniform-0,104000,14,uniform,endpoint,5db9c8dc146efb78a29acf8bbc8cb1a1536cb4aa93548253cc33db3e2f06e432,J,14,3371.313791545303,240.80812796752164,12791.568957726511,113,37,2,0,True,,0.6451485000143293,14,2558.313791545303,674.0,139.0,109,72,41,74,23,0.0,0.0,0.0,True,True,True
pilot-14-uniform-0-endpoint,pilot-14-uniform-0,104000,14,uniform,endpoint,5db9c8dc146efb78a29acf8bbc8cb1a1536cb4aa93548253cc33db3e2f06e432,S,14,3540.04119789952,252.86008556425142,14255.2059894976,103,15,0,0,True,,0.4914156000013463,14,2851.04119789952,616.0,73.0,101,68,35,57,1,0.0,0.0,0.0,True,True,True
pilot-14-uniform-0-endpoint,pilot-14-uniform-0,104000,14,uniform,endpoint,5db9c8dc146efb78a29acf8bbc8cb1a1536cb4aa93548253cc33db3e2f06e432,O,14,3675.634605437584,262.54532895982743,14193.173027187922,128,15,0,0,True,,0.8414924000098836,14,2838.6346054375845,764.0,73.0,124,68,60,78,1,0.0,0.0,0.0,True,True,True
pilot-14-uniform-0-endpoint,pilot-14-uniform-0,104000,14,uniform,endpoint,5db9c8dc146efb78a29acf8bbc8cb1a1536cb4aa93548253cc33db3e2f06e432,JS,14,3017.1932005428616,215.51380003877583,11385.966002714305,97,44,3,0,True,,0.4499391000135802,14,2277.193200542862,580.0,160.0,95,72,25,58,30,0.0,0.0,0.0,True,True,True
pilot-14-uniform-0-endpoint,pilot-14-uniform-0,104000,14,uniform,endpoint,5db9c8dc146efb78a29acf8bbc8cb1a1536cb4aa93548253cc33db3e2f06e432,JO,14,3260.7074411444837,232.90767436746313,12428.537205722416,116,19,0,0,True,,0.42846599998301826,14,2485.7074411444837,690.0,85.0,110,72,44,74,5,0.0,0.0,0.0,True,True,True
pilot-14-uniform-0-endpoint,pilot-14-uniform-0,104000,14,uniform,endpoint,5db9c8dc146efb78a29acf8bbc8cb1a1536cb4aa93548253cc33db3e2f06e432,SO,14,3618.7123344864626,258.47945246331875,14603.561672432317,104,16,0,0,True,,0.6277832000050694,14,2920.712334486463,622.0,76.0,102,68,36,57,2,0.0,0.0,0.0,True,True,True
pilot-14-uniform-0-endpoint,pilot-14-uniform-0,104000,14,uniform,endpoint,5db9c8dc146efb78a29acf8bbc8cb1a1536cb4aa93548253cc33db3e2f06e432,JSO,14,2920.3751960579875,208.59822828985625,11326.875980289935,96,18,0,0,True,,0.3371642999991309,14,2265.3751960579875,573.0,82.0,93,72,24,58,4,0.0,0.0,0.0,True,True,True
pilot-14-uniform-0-endpoint,pilot-14-uniform-0,104000,14,uniform,endpoint,5db9c8dc146efb78a29acf8bbc8cb1a1536cb4aa93548253cc33db3e2f06e432,JSO_ALLSCAN,14,4423.032460912226,315.930890065159,12435.16230456113,309,19,0,0,True,,0.9143124000111129,14,2487.032460912226,1851.0,85.0,306,282,27,268,5,0.0,0.0,341.3756817066378,True,True,True
pilot-14-uniform-0-smooth,pilot-14-uniform-0,104000,14,uniform,smooth,5db9c8dc146efb78a29acf8bbc8cb1a1536cb4aa93548253cc33db3e2f06e432,ORIGINAL,14,4416.376543161062,315.45546736864725,17586.882715805306,138,15,0,0,True,,9.012386799993692,14,3517.3765431610614,826.0,73.0,136,66,72,97,1,0.0,0.0,0.0,True,True,True
pilot-14-uniform-0-smooth,pilot-14-uniform-0,104000,14,uniform,smooth,5db9c8dc146efb78a29acf8bbc8cb1a1536cb4aa93548253cc33db3e2f06e432,COMPACT,14,3769.2530694541624,269.23236210386875,14411.265347270813,122,43,1,0,True,,1.4164532000140753,14,2882.2530694541624,730.0,157.0,120,68,54,79,29,0.0,0.0,0.0,True,True,True
pilot-14-uniform-0-smooth,pilot-14-uniform-0,104000,14,uniform,smooth,5db9c8dc146efb78a29acf8bbc8cb1a1536cb4aa93548253cc33db3e2f06e432,J,14,3103.0941630272396,221.64958307337426,12075.470815136196,101,19,0,0,True,,0.5029348999960348,14,2415.0941630272396,603.0,85.0,98,66,35,66,5,0.0,0.0,0.0,True,True,True
pilot-14-uniform-0-smooth,pilot-14-uniform-0,104000,14,uniform,smooth,5db9c8dc146efb78a29acf8bbc8cb1a1536cb4aa93548253cc33db3e2f06e432,S,14,3302.9089978886946,235.9220712777639,13299.544989443471,96,14,0,0,True,,0.3580422999802977,14,2659.908997888694,573.0,70.0,93,68,28,57,0,0.0,0.0,0.0,True,True,True
pilot-14-uniform-0-smooth,pilot-14-uniform-0,104000,14,uniform,smooth,5db9c8dc146efb78a29acf8bbc8cb1a1536cb4aa93548253cc33db3e2f06e432,O,14,3441.3248402093345,245.80891715780962,13206.624201046674,122,14,0,0,True,,0.42275890000746585,14,2641.3248402093345,730.0,70.0,120,68,54,79,0,0.0,0.0,0.0,True,True,True
pilot-14-uniform-0-smooth,pilot-14-uniform-0,104000,14,uniform,smooth,5db9c8dc146efb78a29acf8bbc8cb1a1536cb4aa93548253cc33db3e2f06e432,JS,14,3109.0118047330393,222.07227176664566,12040.0590236652,87,51,2,0,True,,0.34608039999147877,14,2408.0118047330393,520.0,181.0,85,66,21,52,37,0.0,0.0,0.0,True,True,True
pilot-14-uniform-0-smooth,pilot-14-uniform-0,104000,14,uniform,smooth,5db9c8dc146efb78a29acf8bbc8cb1a1536cb4aa93548253cc33db3e2f06e432,JO,14,3067.2619629771366,219.0901402126526,11906.309814885682,103,15,0,0,True,,0.32583399998839013,14,2381.2619629771366,613.0,73.0,98,66,37,66,1,0.0,0.0,0.0,True,True,True
pilot-14-uniform-0-smooth,pilot-14-uniform-0,104000,14,uniform,smooth,5db9c8dc146efb78a29acf8bbc8cb1a1536cb4aa93548253cc33db3e2f06e432,SO,14,3303.9089978886946,235.99349984919246,13299.544989443471,96,14,0,0,True,,0.3784561000065878,14,2659.908997888694,574.0,70.0,94,68,28,57,0,0.0,0.0,0.0,True,True,True
pilot-14-uniform-0-smooth,pilot-14-uniform-0,104000,14,uniform,smooth,5db9c8dc146efb78a29acf8bbc8cb1a1536cb4aa93548253cc33db3e2f06e432,JSO,14,2989.2876829248066,213.52054878034332,11926.438414624035,88,17,0,0,True,,0.39188839998678304,14,2385.2876829248066,525.0,79.0,85,66,22,52,3,0.0,0.0,0.0,True,True,True
pilot-14-uniform-0-smooth,pilot-14-uniform-0,104000,14,uniform,smooth,5db9c8dc146efb78a29acf8bbc8cb1a1536cb4aa93548253cc33db3e2f06e432,JSO_ALLSCAN,14,4655.819133933186,332.55850956665614,13679.095669665938,306,19,0,0,True,,1.35018909999053,14,2735.819133933188,1835.0,85.0,305,281,25,267,5,0.0,0.0,597.9163998425229,True,True,True
pilot-14-uniform-0-spatial,pilot-14-uniform-0,104000,14,uniform,spatial,5db9c8dc146efb78a29acf8bbc8cb1a1536cb4aa93548253cc33db3e2f06e432,ORIGINAL,14,4229.735946245397,302.1239961603855,16828.67973122698,132,15,0,0,True,,9.149211100011598,14,3365.735946245396,791.0,73.0,131,66,66,93,1,0.0,0.0,0.0,True,True,True
pilot-14-uniform-0-spatial,pilot-14-uniform-0,104000,14,uniform,spatial,5db9c8dc146efb78a29acf8bbc8cb1a1536cb4aa93548253cc33db3e2f06e432,COMPACT,14,3627.299297981252,259.0928069986609,13586.49648990626,126,43,1,0,True,,1.5926287999900524,14,2717.2992979812525,753.0,157.0,123,68,58,79,29,0.0,0.0,0.0,True,True,True
pilot-14-uniform-0-spatial,pilot-14-uniform-0,104000,14,uniform,spatial,5db9c8dc146efb78a29acf8bbc8cb1a1536cb4aa93548253cc33db3e2f06e432,J,14,3123.8393293862646,223.13138067044747,12164.196646931321,102,18,0,0,True,,0.46911040000850335,14,2432.839329386264,609.0,82.0,99,66,36,66,4,0.0,0.0,0.0,True,True,True
pilot-14-uniform-0-spatial,pilot-14-uniform-0,104000,14,uniform,spatial,5db9c8dc146efb78a29acf8bbc8cb1a1536cb4aa93548253cc33db3e2f06e432,S,14,3542.0961428633636,253.00686734738312,14190.480714316815,106,14,0,0,True,,0.594957199995406,14,2838.096142863363,634.0,70.0,104,68,38,58,0,0.0,0.0,0.0,True,True,True
pilot-14-uniform-0-spatial,pilot-14-uniform-0,104000,14,uniform,spatial,5db9c8dc146efb78a29acf8bbc8cb1a1536cb4aa93548253cc33db3e2f06e432,O,14,3304.4406555748033,236.03147539820023,12407.203277874016,126,14,0,0,True,,0.6311239000060596,14,2481.4406555748037,753.0,70.0,123,68,58,79,0,0.0,0.0,0.0,True,True,True
pilot-14-uniform-0-spatial,pilot-14-uniform-0,104000,14,uniform,spatial,5db9c8dc146efb78a29acf8bbc8cb1a1536cb4aa93548253cc33db3e2f06e432,JS,14,2937.89918386072,209.84994170433714,11704.495919303603,86,19,0,0,True,,0.2522928999969736,14,2340.89918386072,512.0,85.0,82,66,20,52,5,0.0,0.0,0.0,True,True,True
pilot-14-uniform-0-spatial,pilot-14-uniform-0,104000,14,uniform,spatial,5db9c8dc146efb78a29acf8bbc8cb1a1536cb4aa93548253cc33db3e2f06e432,JO,14,3080.4547794537352,220.03248424669536,11942.273897268673,104,15,0,0,True,,0.3195933000242803,14,2388.454779453735,619.0,73.0,99,66,38,66,1,0.0,0.0,0.0,True,True,True
pilot-14-uniform-0-spatial,pilot-14-uniform-0,104000,14,uniform,spatial,5db9c8dc146efb78a29acf8bbc8cb1a1536cb4aa93548253cc33db3e2f06e432,SO,14,3537.610695832961,252.68647827378294,14198.053479164802,105,14,0,0,True,,0.720839799992973,14,2839.6106958329606,628.0,70.0,103,68,37,58,0,0.0,0.0,0.0,True,True,True
pilot-14-uniform-0-spatial,pilot-14-uniform-0,104000,14,uniform,spatial,5db9c8dc146efb78a29acf8bbc8cb1a1536cb4aa93548253cc33db3e2f06e432,JSO,14,2946.506171575118,210.46472654107987,11782.530857875587,86,16,0,0,True,,0.27489200001582503,14,2356.506171575117,514.0,76.0,84,66,20,52,2,0.0,0.0,0.0,True,True,True
pilot-14-uniform-0-spatial,pilot-14-uniform-0,104000,14,uniform,spatial,5db9c8dc146efb78a29acf8bbc8cb1a1536cb4aa93548253cc33db3e2f06e432,JSO_ALLSCAN,14,4475.932640096693,319.70947429262094,13369.663200483463,287,18,0,0,True,,1.3282628000015393,14,2673.932640096693,1720.0,82.0,285,263,24,249,4,0.0,0.0,600.8892437849063,True,True,True
pilot-15-uniform-0-endpoint,pilot-15-uniform-0,105000,15,uniform,endpoint,e2a420603878190e0a3022d198d147687c76a54318e93fe4d883ac94ae18ca9e,ORIGINAL,15,5216.922351297115,347.79482341980764,21019.611756485574,137,54,2,0,True,,7.362407500011614,15,4203.922351297114,821.0,192.0,136,78,59,87,39,0.0,0.0,0.0,True,True,True
pilot-15-uniform-0-endpoint,pilot-15-uniform-0,105000,15,uniform,endpoint,e2a420603878190e0a3022d198d147687c76a54318e93fe4d883ac94ae18ca9e,COMPACT,15,4274.32577783548,284.9550518556987,17011.628889177406,130,21,0,0,True,,1.5602049000153784,15,3402.32577783548,779.0,93.0,129,78,52,85,6,0.0,0.0,0.0,True,True,True
pilot-15-uniform-0-endpoint,pilot-15-uniform-0,105000,15,uniform,endpoint,e2a420603878190e0a3022d198d147687c76a54318e93fe4d883ac94ae18ca9e,J,15,3604.422975935099,240.29486506233994,13762.114879675497,106,64,2,0,True,,0.32055939998826943,15,2752.4229759350997,630.0,222.0,100,71,35,70,49,0.0,0.0,145.40275313127404,True,True,True
pilot-15-uniform-0-endpoint,pilot-15-uniform-0,105000,15,uniform,endpoint,e2a420603878190e0a3022d198d147687c76a54318e93fe4d883ac94ae18ca9e,S,15,4387.644826581657,292.5096551054438,17693.22413290828,113,48,3,0,True,,0.6866942999768071,15,3538.6448265816557,675.0,174.0,110,78,35,64,33,0.0,0.0,0.0,True,True,True
pilot-15-uniform-0-endpoint,pilot-15-uniform-0,105000,15,uniform,endpoint,e2a420603878190e0a3022d198d147687c76a54318e93fe4d883ac94ae18ca9e,O,15,4200.679987294083,280.0453324862722,16688.399936470414,131,16,0,0,True,,0.5167528000019956,15,3337.6799872940824,785.0,78.0,130,78,53,85,1,0.0,0.0,0.0,True,True,True
pilot-15-uniform-0-endpoint,pilot-15-uniform-0,105000,15,uniform,endpoint,e2a420603878190e0a3022d198d147687c76a54318e93fe4d883ac94ae18ca9e,JS,15,3266.736148945392,217.7824099296928,12203.680744726962,95,77,4,0,True,,0.5522925999830477,15,2440.7361489453924,565.0,261.0,90,71,24,56,62,0.0,0.0,150.3895086170769,True,True,True
pilot-15-uniform-0-endpoint,pilot-15-uniform-0,105000,15,uniform,endpoint,e2a420603878190e0a3022d198d147687c76a54318e93fe4d883ac94ae18ca9e,JO,15,3507.8322230391545,233.85548153594362,13454.161115195779,116,35,1,0,True,,0.6326933999953326,15,2690.8322230391545,682.0,135.0,102,71,45,70,20,0.0,0.0,145.40275313127404,True,True,True
pilot-15-uniform-0-endpoint,pilot-15-uniform-0,105000,15,uniform,endpoint,e2a420603878190e0a3022d198d147687c76a54318e93fe4d883ac94ae18ca9e,SO,15,4256.376415493828,283.75842769958854,17431.88207746914,114,19,0,0,True,,0.6314607000094838,15,3486.3764154938285,683.0,87.0,113,78,36,64,4,0.0,0.0,0.0,True,True,True
pilot-15-uniform-0-endpoint,pilot-15-uniform-0,105000,15,uniform,endpoint,e2a420603878190e0a3022d198d147687c76a54318e93fe4d883ac94ae18ca9e,JSO,15,3391.975776921662,226.13171846144414,13289.878884608308,105,27,0,0,True,,0.6385049000091385,15,2657.9757769216612,623.0,111.0,98,71,34,58,12,0.0,0.0,148.89041306243143,True,True,True
pilot-15-uniform-0-endpoint,pilot-15-uniform-0,105000,15,uniform,endpoint,e2a420603878190e0a3022d198d147687c76a54318e93fe4d883ac94ae18ca9e,JSO_ALLSCAN,15,5241.959081577199,349.4639387718133,13359.79540788598,410,27,0,0,True,,0.9539751000120305,15,2671.9590815771953,2459.0,111.0,409,373,37,360,12,0.0,0.0,178.89041306243143,True,True,True
pilot-15-uniform-0-smooth,pilot-15-uniform-0,105000,15,uniform,smooth,e2a420603878190e0a3022d198d147687c76a54318e93fe4d883ac94ae18ca9e,ORIGINAL,15,4632.542463523973,308.8361642349316,18792.712317619866,132,18,0,0,True,,5.859864500002004,15,3758.5424635239733,790.0,84.0,130,78,54,86,3,0.0,0.0,0.0,True,True,True
pilot-15-uniform-0-smooth,pilot-15-uniform-0,105000,15,uniform,smooth,e2a420603878190e0a3022d198d147687c76a54318e93fe4d883ac94ae18ca9e,COMPACT,15,4268.156545399212,284.54376969328075,17085.782726996058,128,18,0,0,True,,1.6289422999834642,15,3417.1565453992116,767.0,84.0,127,78,50,84,3,0.0,0.0,0.0,True,True,True
pilot-15-uniform-0-smooth,pilot-15-uniform-0,105000,15,uniform,smooth,e2a420603878190e0a3022d198d147687c76a54318e93fe4d883ac94ae18ca9e,J,15,3734.113646652483,248.9409097768322,14735.56823326242,107,40,1,0,True,,0.27320540000800975,15,2947.113646652483,637.0,150.0,102,71,36,70,25,0.0,0.0,0.0,True,True,True
pilot-15-uniform-0-smooth,pilot-15-uniform-0,105000,15,uniform,smooth,e2a420603878190e0a3022d198d147687c76a54318e93fe4d883ac94ae18ca9e,S,15,3827.3732912639916,255.15821941759944,15261.86645631996,115,19,1,0,True,,0.511982199997874,15,3052.3732912639916,688.0,87.0,113,78,37,65,4,0.0,0.0,0.0,True,True,True
pilot-15-uniform-0-smooth,pilot-15-uniform-0,105000,15,uniform,smooth,e2a420603878190e0a3022d198d147687c76a54318e93fe4d883ac94ae18ca9e,O,15,4135.412081847362,275.69413878982414,16452.060409236812,128,16,0,0,True,,0.5803215999912936,15,3290.4120818473616,767.0,78.0,127,78,50,84,1,0.0,0.0,0.0,True,True,True
pilot-15-uniform-0-smooth,pilot-15-uniform-0,105000,15,uniform,smooth,e2a420603878190e0a3022d198d147687c76a54318e93fe4d883ac94ae18ca9e,JS,15,2933.3479750184465,195.55653166789642,11396.739875092233,94,21,1,0,True,,1.018264399986947,15,2279.3479750184465,561.0,93.0,91,74,20,59,6,0.0,0.0,0.0,True,True,True
pilot-15-uniform-0-smooth,pilot-15-uniform-0,105000,15,uniform,smooth,e2a420603878190e0a3022d198d147687c76a54318e93fe4d883ac94ae18ca9e,JO,15,3753.274944770148,250.2183296513432,14716.374723850742,115,34,1,0,True,,0.5698563999903854,15,2943.274944770148,678.0,132.0,103,71,44,70,19,0.0,0.0,0.0,True,True,True
pilot-15-uniform-0-smooth,pilot-15-uniform-0,105000,15,uniform,smooth,e2a420603878190e0a3022d198d147687c76a54318e93fe4d883ac94ae18ca9e,SO,15,3825.796344505249,255.05308963368327,15293.981722526247,115,16,0,0,True,,0.5308557999960613,15,3058.796344505249,689.0,78.0,114,78,37,65,1,0.0,0.0,0.0,True,True,True
pilot-15-uniform-0-smooth,pilot-15-uniform-0,105000,15,uniform,smooth,e2a420603878190e0a3022d198d147687c76a54318e93fe4d883ac94ae18ca9e,JSO,15,3063.578583330416,204.23857222202776,12017.892916652085,96,19,0,0,True,,0.31638780000503175,15,2403.578583330416,573.0,87.0,93,74,22,59,4,0.0,0.0,0.0,True,True,True
pilot-15-uniform-0-smooth,pilot-15-uniform-0,105000,15,uniform,smooth,e2a420603878190e0a3022d198d147687c76a54318e93fe4d883ac94ae18ca9e,JSO_ALLSCAN,15,4986.754950350295,332.450330023353,12443.774751751469,399,25,0,0,True,,1.4041978000022937,15,2488.754950350294,2393.0,105.0,398,363,36,348,10,0.0,0.0,175.4466661894403,True,True,True
pilot-15-uniform-0-spatial,pilot-15-uniform-0,105000,15,uniform,spatial,e2a420603878190e0a3022d198d147687c76a54318e93fe4d883ac94ae18ca9e,ORIGINAL,15,5112.467255893843,340.83115039292284,21097.336279469204,134,20,0,0,True,,6.423722099978477,15,4219.467255893842,803.0,90.0,133,78,56,88,5,0.0,0.0,0.0,True,True,True
pilot-15-uniform-0-spatial,pilot-15-uniform-0,105000,15,uniform,spatial,e2a420603878190e0a3022d198d147687c76a54318e93fe4d883ac94ae18ca9e,COMPACT,15,4597.246002843928,306.48306685626187,18461.230014219644,135,22,0,0,True,,1.786450399988098,15,3692.2460028439286,809.0,96.0,134,78,57,88,7,0.0,0.0,0.0,True,True,True
pilot-15-uniform-0-spatial,pilot-15-uniform-0,105000,15,uniform,spatial,e2a420603878190e0a3022d198d147687c76a54318e93fe4d883ac94ae18ca9e,J,15,3151.0945436218003,210.0729695747867,12345.472718109007,98,23,0,0,True,,0.345694799994817,15,2469.0945436218008,583.0,99.0,93,63,35,60,8,0.0,0.0,200.18605807477707,True,True,True
pilot-15-uniform-0-spatial,pilot-15-uniform-0,105000,15,uniform,spatial,e2a420603878190e0a3022d198d147687c76a54318e93fe4d883ac94ae18ca9e,S,15,4196.836870641083,279.78912470940554,17094.18435320542,115,20,1,0,True,,0.6312308000051416,15,3418.836870641083,688.0,90.0,113,78,37,65,5,0.0,0.0,0.0,True,True,True
pilot-15-uniform-0-spatial,pilot-15-uniform-0,105000,15,uniform,spatial,e2a420603878190e0a3022d198d147687c76a54318e93fe4d883ac94ae18ca9e,O,15,4428.439023046772,295.2292682031181,17707.195115233862,135,16,0,0,True,,0.7340506000036839,15,3541.439023046772,809.0,78.0,134,78,57,88,1,0.0,0.0,0.0,True,True,True
pilot-15-uniform-0-spatial,pilot-15-uniform-0,105000,15,uniform,spatial,e2a420603878190e0a3022d198d147687c76a54318e93fe4d883ac94ae18ca9e,JS,15,2980.054400541242,198.67029336941613,11315.272002706206,88,54,3,0,True,,0.44626460000290535,15,2263.054400541242,525.0,192.0,85,63,25,48,39,0.0,0.0,202.59841090379086,True,True,True
pilot-15-uniform-0-spatial,pilot-15-uniform-0,105000,15,uniform,spatial,e2a420603878190e0a3022d198d147687c76a54318e93fe4d883ac94ae18ca9e,JO,15,3038.30387899353,202.55359193290198,11806.519394967652,100,18,0,0,True,,0.3344533999916166,15,2361.3038789935304,593.0,84.0,93,63,37,60,3,0.0,0.0,200.18605807477707,True,True,True
pilot-15-uniform-0-spatial,pilot-15-uniform-0,105000,15,uniform,spatial,e2a420603878190e0a3022d198d147687c76a54318e93fe4d883ac94ae18ca9e,SO,15,4176.369407677624,278.4246271785083,17066.84703838812,115,15,0,0,True,,0.6930471999803558,15,3413.369407677624,688.0,75.0,113,78,37,65,0,0.0,0.0,0.0,True,True,True
pilot-15-uniform-0-spatial,pilot-15-uniform-0,105000,15,uniform,spatial,e2a420603878190e0a3022d198d147687c76a54318e93fe4d883ac94ae18ca9e,JSO,15,2944.762244274369,196.3174829516246,11578.811221371843,90,21,0,0,True,,0.358871900010854,15,2315.7622442743686,536.0,93.0,86,63,27,48,6,0.0,0.0,0.0,True,True,True
pilot-15-uniform-0-spatial,pilot-15-uniform-0,105000,15,uniform,spatial,e2a420603878190e0a3022d198d147687c76a54318e93fe4d883ac94ae18ca9e,JSO_ALLSCAN,15,4139.786416626199,275.98576110841327,11513.932083130998,291,21,0,0,True,,1.301977099996293,15,2302.7864166261993,1744.0,93.0,289,260,31,245,6,0.0,0.0,0.0,True,True,True
pilot-16-uniform-0-endpoint,pilot-16-uniform-0,106000,16,uniform,endpoint,9c0cb0df596bd0f7d3b52b8537a0e30139fedd72bd57518ed283b461b52bdd27,ORIGINAL,16,4513.4363406510365,282.0897712906898,18217.181703255177,115,50,2,0,True,,5.434560900001088,16,3643.436340651036,688.0,182.0,113,57,58,70,34,0.0,0.0,0.0,True,True,True
pilot-16-uniform-0-endpoint,pilot-16-uniform-0,106000,16,uniform,endpoint,9c0cb0df596bd0f7d3b52b8537a0e30139fedd72bd57518ed283b461b52bdd27,COMPACT,16,4018.873458867802,251.17959117923763,16159.367294339003,112,28,2,0,True,,0.9286247999989428,16,3231.873458867801,671.0,116.0,111,56,56,68,12,0.0,0.0,0.0,True,True,True
pilot-16-uniform-0-endpoint,pilot-16-uniform-0,106000,16,uniform,endpoint,9c0cb0df596bd0f7d3b52b8537a0e30139fedd72bd57518ed283b461b52bdd27,J,16,3403.4771593553933,212.71732245971208,13177.385796776965,108,31,0,0,True,,0.39444620002177544,16,2635.4771593553933,643.0,125.0,103,56,52,67,15,0.0,0.0,0.0,True,True,True
pilot-16-uniform-0-endpoint,pilot-16-uniform-0,106000,16,uniform,endpoint,9c0cb0df596bd0f7d3b52b8537a0e30139fedd72bd57518ed283b461b52bdd27,S,16,3582.705618421911,223.91910115136943,14228.528092109555,93,50,3,0,True,,0.3607270000211429,16,2845.70561842191,555.0,182.0,90,56,37,45,34,0.0,0.0,0.0,True,True,True
pilot-16-uniform-0-endpoint,pilot-16-uniform-0,106000,16,uniform,endpoint,9c0cb0df596bd0f7d3b52b8537a0e30139fedd72bd57518ed283b461b52bdd27,O,16,3826.673504520228,239.16709403251426,15333.36752260114,113,17,0,0,True,,0.25337690001470037,16,3066.6735045202277,677.0,83.0,112,56,57,68,1,0.0,0.0,0.0,True,True,True
pilot-16-uniform-0-endpoint,pilot-16-uniform-0,106000,16,uniform,endpoint,9c0cb0df596bd0f7d3b52b8537a0e30139fedd72bd57518ed283b461b52bdd27,JS,16,3440.923128832893,215.0576955520558,13154.61564416447,88,87,6,0,True,,0.38933010000619106,16,2630.923128832894,517.0,293.0,77,56,32,45,71,0.0,0.0,0.0,True,True,True
pilot-16-uniform-0-endpoint,pilot-16-uniform-0,106000,16,uniform,endpoint,9c0cb0df596bd0f7d3b52b8537a0e30139fedd72bd57518ed283b461b52bdd27,JO,16,3569.210104093506,223.07563150584411,13831.050520467521,118,25,0,0,True,,0.32649700000183657,16,2766.210104093505,696.0,107.0,106,56,62,67,9,0.0,0.0,0.0,True,True,True
pilot-16-uniform-0-endpoint,pilot-16-uniform-0,106000,16,uniform,endpoint,9c0cb0df596bd0f7d3b52b8537a0e30139fedd72bd57518ed283b461b52bdd27,SO,16,3461.804039873512,216.3627524920945,14034.020199367556,95,19,0,0,True,,0.33666199998697266,16,2806.804039873512,566.0,89.0,91,56,39,45,3,0.0,0.0,0.0,True,True,True
pilot-16-uniform-0-endpoint,pilot-16-uniform-0,106000,16,uniform,endpoint,9c0cb0df596bd0f7d3b52b8537a0e30139fedd72bd57518ed283b461b52bdd27,JSO,16,3244.9205874735158,202.80753671709473,13074.602937367581,89,24,0,0,True,,0.2601332000049297,16,2614.9205874735158,526.0,104.0,81,56,33,45,8,0.0,0.0,0.0,True,True,True
pilot-16-uniform-0-endpoint,pilot-16-uniform-0,106000,16,uniform,endpoint,9c0cb0df596bd0f7d3b52b8537a0e30139fedd72bd57518ed283b461b52bdd27,JSO_ALLSCAN,16,4020.969133984864,251.310570874054,12484.845669924322,235,28,0,0,True,,0.8370106999936979,16,2496.9691339848646,1408.0,116.0,233,198,37,185,12,0.0,0.0,0.0,True,True,True
pilot-16-uniform-0-smooth,pilot-16-uniform-0,106000,16,uniform,smooth,9c0cb0df596bd0f7d3b52b8537a0e30139fedd72bd57518ed283b461b52bdd27,ORIGINAL,16,4580.350470362251,286.2719043976407,18581.752351811254,120,38,2,0,True,,7.459235799993621,16,3716.3504703622516,718.0,146.0,118,57,63,70,22,0.0,0.0,0.0,True,True,True
pilot-16-uniform-0-smooth,pilot-16-uniform-0,106000,16,uniform,smooth,9c0cb0df596bd0f7d3b52b8537a0e30139fedd72bd57518ed283b461b52bdd27,COMPACT,16,4531.686839255903,283.2304274534939,17503.434196279515,122,90,1,0,True,,1.6716406000196002,16,3500.686839255902,729.0,302.0,119,56,66,68,74,0.0,0.0,0.0,True,True,True
pilot-16-uniform-0-smooth,pilot-16-uniform-0,106000,16,uniform,smooth,9c0cb0df596bd0f7d3b52b8537a0e30139fedd72bd57518ed283b461b52bdd27,J,16,3763.4612237166507,235.21632648229067,14447.306118583248,109,64,2,0,True,,0.7978439000144135,16,2889.4612237166507,650.0,224.0,105,56,53,67,48,0.0,0.0,0.0,True,True,True
pilot-16-uniform-0-smooth,pilot-16-uniform-0,106000,16,uniform,smooth,9c0cb0df596bd0f7d3b52b8537a0e30139fedd72bd57518ed283b461b52bdd27,S,16,3603.3827984579343,225.2114249036209,14371.913992289676,103,28,1,0,True,,1.033422900014557,16,2874.3827984579343,613.0,116.0,98,56,47,46,12,0.0,0.0,0.0,True,True,True
pilot-16-uniform-0-smooth,pilot-16-uniform-0,106000,16,uniform,smooth,9c0cb0df596bd0f7d3b52b8537a0e30139fedd72bd57518ed283b461b52bdd27,O,16,3899.3126669662875,243.70704168539297,15411.56333483144,123,17,0,0,True,,0.8094866999890655,16,3082.312666966288,734.0,83.0,119,56,67,68,1,0.0,0.0,0.0,True,True,True
pilot-16-uniform-0-smooth,pilot-16-uniform-0,106000,16,uniform,smooth,9c0cb0df596bd0f7d3b52b8537a0e30139fedd72bd57518ed283b461b52bdd27,JS,16,3249.8408764190226,203.1150547761889,12739.204382095113,85,55,2,0,True,,0.5637849000049755,16,2547.8408764190226,505.0,197.0,80,56,29,43,39,0.0,0.0,0.0,True,True,True
pilot-16-uniform-0-smooth,pilot-16-uniform-0,106000,16,uniform,smooth,9c0cb0df596bd0f7d3b52b8537a0e30139fedd72bd57518ed283b461b52bdd27,JO,16,3463.0597875194094,216.4412367199631,13420.298937597054,115,22,0,0,True,,0.6760676999983843,16,2684.0597875194094,681.0,98.0,106,56,59,67,6,0.0,0.0,0.0,True,True,True
pilot-16-uniform-0-smooth,pilot-16-uniform-0,106000,16,uniform,smooth,9c0cb0df596bd0f7d3b52b8537a0e30139fedd72bd57518ed283b461b52bdd27,SO,16,3657.882981671239,228.61768635445245,14769.414908356199,104,18,0,0,True,,0.8263483999762684,16,2953.882981671239,618.0,86.0,98,56,48,45,2,0.0,0.0,0.0,True,True,True
pilot-16-uniform-0-smooth,pilot-16-uniform-0,106000,16,uniform,smooth,9c0cb0df596bd0f7d3b52b8537a0e30139fedd72bd57518ed283b461b52bdd27,JSO,16,3081.5726249067675,192.59828905667297,12417.863124533833,85,21,0,0,True,,0.3117064999823924,16,2483.5726249067666,503.0,95.0,78,56,29,43,5,0.0,0.0,0.0,True,True,True
pilot-16-uniform-0-smooth,pilot-16-uniform-0,106000,16,uniform,smooth,9c0cb0df596bd0f7d3b52b8537a0e30139fedd72bd57518ed283b461b52bdd27,JSO_ALLSCAN,16,4475.102178040045,279.6938861275028,12625.510890200218,306,28,1,0,True,,1.1381071000068914,16,2525.1021780400447,1834.0,116.0,304,268,38,255,12,0.0,0.0,0.0,True,True,True
pilot-16-uniform-0-spatial,pilot-16-uniform-0,106000,16,uniform,spatial,9c0cb0df596bd0f7d3b52b8537a0e30139fedd72bd57518ed283b461b52bdd27,ORIGINAL,16,4602.236374202674,287.6397733876671,18696.181871013367,120,38,1,0,True,,7.278377300011925,16,3739.2363742026737,717.0,146.0,117,57,63,70,22,0.0,0.0,0.0,True,True,True
pilot-16-uniform-0-spatial,pilot-16-uniform-0,106000,16,uniform,spatial,9c0cb0df596bd0f7d3b52b8537a0e30139fedd72bd57518ed283b461b52bdd27,COMPACT,16,4267.060279902648,266.6912674939155,17175.301399513246,120,27,1,0,True,,1.6139005000004545,16,3435.0602799026487,719.0,113.0,119,56,64,68,11,0.0,0.0,0.0,True,True,True
pilot-16-uniform-0-spatial,pilot-16-uniform-0,106000,16,uniform,spatial,9c0cb0df596bd0f7d3b52b8537a0e30139fedd72bd57518ed283b461b52bdd27,J,16,3651.3104103380138,228.20690064612586,14041.552051690072,108,56,1,0,True,,0.7668064000026789,16,2808.310410338013,643.0,200.0,103,56,52,67,40,0.0,0.0,0.0,True,True,True
pilot-16-uniform-0-spatial,pilot-16-uniform-0,106000,16,uniform,spatial,9c0cb0df596bd0f7d3b52b8537a0e30139fedd72bd57518ed283b461b52bdd27,S,16,3723.6561312037084,232.72850820023177,15268.280656018538,98,18,0,0,True,,0.8869967000209726,16,3053.6561312037084,584.0,86.0,94,56,42,45,2,0.0,0.0,0.0,True,True,True
pilot-16-uniform-0-spatial,pilot-16-uniform-0,106000,16,uniform,spatial,9c0cb0df596bd0f7d3b52b8537a0e30139fedd72bd57518ed283b461b52bdd27,O,16,4011.4853778279894,250.71783611424934,16062.426889139948,120,16,0,0,True,,0.7500387000036426,16,3212.48537782799,719.0,80.0,119,56,64,68,0,0.0,0.0,0.0,True,True,True
pilot-16-uniform-0-spatial,pilot-16-uniform-0,106000,16,uniform,spatial,9c0cb0df596bd0f7d3b52b8537a0e30139fedd72bd57518ed283b461b52bdd27,JS,16,3163.4669233913023,197.7166827119564,12297.334616956512,86,55,4,0,True,,0.7047025999927428,16,2459.4669233913023,507.0,197.0,77,56,30,43,39,0.0,0.0,0.0,True,True,True
pilot-16-uniform-0-spatial,pilot-16-uniform-0,106000,16,uniform,spatial,9c0cb0df596bd0f7d3b52b8537a0e30139fedd72bd57518ed283b461b52bdd27,JO,16,3452.411576074982,215.77572350468637,13277.05788037491,113,32,1,0,True,,0.6907022999948822,16,2655.4115760749814,669.0,128.0,104,56,57,67,16,0.0,0.0,0.0,True,True,True
pilot-16-uniform-0-spatial,pilot-16-uniform-0,106000,16,uniform,spatial,9c0cb0df596bd0f7d3b52b8537a0e30139fedd72bd57518ed283b461b52bdd27,SO,16,3717.471942615267,232.34199641345418,15297.359713076332,97,16,0,0,True,,0.6257208999886643,16,3059.471942615267,578.0,80.0,93,56,41,45,0,0.0,0.0,0.0,True,True,True
pilot-16-uniform-0-spatial,pilot-16-uniform-0,106000,16,uniform,spatial,9c0cb0df596bd0f7d3b52b8537a0e30139fedd72bd57518ed283b461b52bdd27,JSO,16,2940.207278176564,183.76295488603526,11836.036390882822,82,18,0,0,True,,0.3198874999943655,16,2367.2072781765637,487.0,86.0,77,56,26,43,2,0.0,0.0,0.0,True,True,True
pilot-16-uniform-0-spatial,pilot-16-uniform-0,106000,16,uniform,spatial,9c0cb0df596bd0f7d3b52b8537a0e30139fedd72bd57518ed283b461b52bdd27,JSO_ALLSCAN,16,3811.2170386726066,238.2010649170379,12396.085193363031,207,20,0,0,True,,0.9203688999987207,16,2479.2170386726066,1240.0,92.0,205,177,30,164,4,0.0,0.0,0.0,True,True,True
