variant,label,cases,source_total,cleared_total,full_success,failures,ratio_sum_T_K,p95_T_over_K,paired_wins,paired_losses,paired_ties,worst_delta_T_over_K,worst_scene,delta_T_over_K,improvement_pct,movement_reduction_pct,probe_reduction_pct,mean_T,mean_T_over_K,mean_move_m,mean_movement_s,mean_n_measure,mean_discovery_measure,mean_refine_measure,mean_discovery_no_signal,mean_refine_no_signal,mean_failed_clears,mean_n_clear,mean_n_optical_fallback,mean_measure_s,mean_clear_s,mean_after_last_clear_s,mean_switches,source_kind,error_mode
S_all,S 不限制单站补测数量,50,646,646,50,0,582.3708548064901,778.0116397660522,31,11,8,33.63873785013959,boundary_endpoint_50008,-7.253829689841556,1.2014751825620507,1.8765657088962828,-0.13133966457870017,7524.2314440998525,596.4897844207128,25503.957220499276,5100.791444099855,396.44,368.0,28.44,355.08,11.02,2.94,15.86,0.0,2350.0199999999995,73.42000000000003,53.64069613033531,367.82,boundary,endpoint
previous_best,上轮 JSO + 紧凑外圈 + D-optimal,50,646,646,50,0,594.6915411214769,766.1913116798801,25,25,0,122.44988481769201,boundary_endpoint_50034,4.209670970918001,-0.697261366005475,-1.458406783705657,0.1565972923822989,7683.414711289482,607.9532850814724,26370.77355644741,5274.154711289481,395.3,367.66,27.64,354.74,11.9,0.94,13.86,0.0,2341.8399999999992,67.41999999999986,90.89186201858871,365.34,boundary,endpoint
baseline,冻结基线 TRI25 + V4,50,646,646,50,0,589.6750574825169,781.0367042228148,0,0,50,0.0,boundary_endpoint_50000,0.0,0.0,0.0,0.0,7618.601742674118,603.7436141105543,25991.708713370594,5198.341742674119,395.92,368.46,27.46,355.54,10.18,3.12,16.04,0.0,2346.2999999999993,73.95999999999998,38.779166793611786,366.7,boundary,endpoint
L30,L 局部完成代价（惩罚30 s）,50,646,646,50,0,560.2963791695083,737.7076566268515,47,3,0,11.207411180217491,boundary_endpoint_50015,-29.402813781152886,4.87008277917268,5.772466272094457,3.379470600121237,7239.029218870048,574.3408003294014,24491.346094350247,4898.2692188700485,382.54,362.9,19.64,349.98,4.94,1.54,14.46,0.0,2271.54,69.21999999999998,133.02402631653638,358.84,boundary,endpoint
L90,L 局部完成代价（惩罚90 s）,50,646,646,50,0,592.7728830984327,778.780452603683,29,21,0,98.69256770429064,boundary_endpoint_50034,2.5158825185603164,-0.41671372744320756,-1.9183792042562375,2.6065871893311776,7658.62564963175,606.2594966291147,26490.32824815876,5298.065649631751,385.6,366.12,19.48,353.2,4.82,1.8,14.72,0.0,2290.56,69.99999999999994,121.02816173853007,362.56,boundary,endpoint
P1,P 每站最多补测1次,50,646,646,50,0,583.3682810838424,790.6697354945017,29,13,8,33.63873785013959,boundary_endpoint_50008,-6.198089798724009,1.0266095829195687,1.608658206989244,-0.09597898565365526,7537.118191603243,597.5455243118304,25573.590958016222,5114.718191603244,396.3,368.0,28.3,355.08,11.02,2.88,15.8,0.0,2349.1599999999994,73.24,53.64069613033531,367.66,boundary,endpoint
P2,P 每站最多补测2次,50,646,646,50,0,582.3274250230376,778.0116397660522,31,11,8,33.63873785013959,boundary_endpoint_50008,-7.306069778229365,1.210127876713496,1.8792802822966581,-0.11113356233583005,7523.670331297646,596.4375443323249,25503.25165648823,5100.650331297647,396.36,368.0,28.36,355.08,11.0,2.92,15.84,0.0,2349.6599999999994,73.36000000000001,53.64069613033531,367.86,boundary,endpoint
F60,F 连续处理当前源（60 m）,50,646,646,50,0,589.6868334446771,781.0367042228148,0,2,48,0.5106610347146443,boundary_endpoint_50007,0.011504791499814928,-0.0019055756832697668,-0.0029268070211418973,0.0,7618.753888105228,603.755118902054,25992.46944052614,5198.493888105227,395.92,368.46,27.46,355.54,10.18,3.12,16.04,0.0,2346.2999999999993,73.95999999999998,38.779166793611786,366.7,boundary,endpoint
F120,F 连续处理当前源（120 m）,50,646,646,50,0,591.3422531595146,782.0460748750359,2,19,29,18.156828526882578,boundary_endpoint_50046,1.6510892915220712,-0.2734752389811135,-0.43975885538936055,0.045463730046479967,7640.141910820929,605.3947034020764,26106.00955410465,5221.20191082093,395.74,368.04,27.7,355.12,10.22,3.2,16.12,0.02,2344.7399999999993,74.19999999999987,48.253308296202796,366.04,boundary,endpoint
C15,C 局部光学代价比 ≤1.5,50,646,646,50,0,579.3935620679742,773.0783399908612,48,2,0,0.2876402152267019,boundary_endpoint_50033,-10.453471022489394,1.7314420853775103,2.020969877633494,1.4043241058799727,7485.764821918227,593.290143088065,25466.424109591135,5093.284821918227,390.36,366.26,24.1,353.34,10.06,4.26,17.18,4.18,2315.0999999999995,77.38000000000001,61.53006572068809,363.3,boundary,endpoint
LC,L + C,50,646,646,50,0,556.2853492394626,736.1297631770108,48,2,0,5.2929988456894534,boundary_endpoint_50024,-33.345200519764624,5.523072996621147,6.598162404071195,3.7633865427359137,7187.2067121738555,570.3984135907897,24276.733560869285,4855.346712173856,381.02,362.9,18.12,349.98,4.94,1.26,14.18,2.2,2263.48,68.3799999999999,133.02651953622382,358.38,boundary,endpoint
C1,C 局部光学代价比 ≤1.0,50,646,646,50,0,587.7196362908118,775.0116167457833,32,6,12,0.8503265140328722,boundary_endpoint_50043,-2.0648146800670633,0.34200190806306097,0.42367437323389545,0.29804000808244524,7593.337700877288,601.6787994304873,25881.58850438644,5176.317700877288,394.74,368.46,26.28,355.54,10.02,4.08,17.0,1.16,2340.179999999999,76.84000000000002,38.72775715863519,366.48,boundary,endpoint
M75,M 后验质量试清除（0.75）,50,646,646,50,0,588.2980775563015,777.7818876412431,34,16,0,23.031614588694197,boundary_endpoint_50048,-1.4793595817749656,0.24503109386162514,0.30799399961085605,-0.15659729238231002,7600.811162027415,602.2642545287795,25911.65581013708,5182.331162027416,396.54,368.44,28.1,355.52,10.44,1.44,14.36,0.0,2349.559999999999,68.9199999999999,48.27169715560994,366.86,boundary,endpoint
LPC,L + P + C,50,646,646,50,0,557.8153740834514,741.1574135212466,48,2,0,62.11321762878424,boundary_endpoint_50034,-32.23199243049234,5.338688754162146,6.6264806464748975,2.8642149929278715,7206.974633158192,571.511621680062,24269.373165790967,4853.874633158192,384.58,366.5,18.08,353.58,4.78,1.24,14.16,2.3,2284.7799999999997,68.31999999999984,110.01305845428746,361.88,boundary,endpoint
M50,M 后验质量试清除（0.50）,50,646,646,50,0,589.6465890590655,779.5477770908154,33,17,0,24.79435225538566,boundary_endpoint_50048,-0.029814543492941537,0.0049382788978591385,0.018617706932344547,-0.07072135785006761,7618.233930643127,603.7137995670615,25986.869653215635,5197.373930643126,396.2,368.82,27.38,355.9,10.24,2.76,15.68,0.0,2347.979999999999,72.87999999999992,48.331916745895434,366.98,boundary,endpoint
PC,P + C,50,646,646,50,0,574.3310911072333,779.5166697123489,45,5,0,6.999624296926186,boundary_endpoint_50009,-15.028835081363457,2.4892743757636393,3.347683822709613,1.25782986461912,7420.3576971054545,588.7147790291909,25121.58848552727,5024.317697105456,390.94,366.2,24.74,353.28,10.48,4.26,17.18,4.16,2318.6599999999994,77.37999999999997,61.53006572068809,363.96,boundary,endpoint
baseline,冻结基线 TRI25 + V4,50,646,646,50,0,547.5010110681443,714.1188188044666,0,0,50,0.0,directional_endpoint_50000,0.0,0.0,0.0,0.0,7073.713063000424,560.2310217146157,25949.865315002113,5189.973063000423,304.24,266.22,38.02,253.3,6.48,7.12,20.04,0.04,1797.7800000000002,85.96000000000004,398.33214777246116,276.58,directional,endpoint
previous_best,上轮 JSO + 紧凑外圈 + D-optimal,50,646,646,50,0,520.7813148375326,707.7604600049038,39,11,0,43.221014924214955,directional_endpoint_50024,-26.003984459821584,4.641653791365419,5.684393188910808,2.78069944780438,6728.494587700921,534.227037254794,24474.772938504604,4894.954587700921,295.78,263.16,32.62,250.24,8.0,5.28,18.2,0.02,1753.1,80.44000000000001,301.4145160837807,274.2,directional,endpoint
S_all,S 不限制单站补测数量,50,646,646,50,0,537.4726418282595,707.8151512089231,31,19,0,58.91439656985267,directional_endpoint_50005,-9.26706874732253,1.65415130332488,2.97933204473928,-1.025506179332103,6944.146532421113,550.9639529672932,25176.73266210557,5035.346532421115,307.36,266.54,40.82,253.62,6.02,8.8,21.72,0.1,1817.8,90.9999999999998,437.2771980225709,281.0,directional,endpoint
P1,P 每站最多补测1次,50,646,646,50,0,532.6611798695619,695.8202040843449,34,16,0,55.0335932142022,directional_endpoint_50011,-13.920127039470213,2.4847119313148647,3.715060111973234,-0.03944254535892533,6881.98244391474,546.3108946751455,24985.812219573698,4997.162443914739,304.36,265.16,39.2,252.24,5.76,6.54,19.46,0.06,1800.6000000000004,84.22000000000006,401.41273874257155,278.8,directional,endpoint
P2,P 每站最多补测2次,50,646,646,50,0,534.8860017686943,707.7601512089232,32,18,0,58.91439656985267,directional_endpoint_50005,-11.457007044109192,2.045050452408781,3.396663489559182,-0.387851696029462,6910.7271428515305,548.7740146705066,25068.435714257652,5013.6871428515315,305.42,265.2,40.22,252.28,5.98,8.76,21.68,0.1,1806.16,90.87999999999985,481.56013700667836,279.06,directional,endpoint
F60,F 连续处理当前源（60 m）,50,646,646,50,0,547.5010110681443,714.1188188044666,0,0,50,0.0,directional_endpoint_50000,0.0,0.0,0.0,0.0,7073.713063000424,560.2310217146157,25949.865315002113,5189.973063000423,304.24,266.22,38.02,253.3,6.48,7.12,20.04,0.04,1797.7800000000002,85.96000000000004,398.33214777246116,276.58,directional,endpoint
L90,L 局部完成代价（惩罚90 s）,50,646,646,50,0,542.9292081907113,729.9777751909354,29,21,0,76.26494687038843,directional_endpoint_50011,-3.9873236530839846,0.7117284653178624,0.6016927794685323,2.2350775703392056,7014.645369823989,556.2436980615317,25793.72684911994,5158.745369823988,297.44,265.98,31.46,253.06,7.16,9.78,22.7,0.2,1761.96,93.93999999999988,352.55757643037896,274.76,directional,endpoint
F120,F 连续处理当前源（120 m）,50,646,646,50,0,552.5422216076436,719.1144051277605,12,20,18,84.47318066117737,directional_endpoint_50045,4.831548493979646,-0.8624207347876611,-1.26228863570359,0.42072048382856275,7138.8455031707545,565.0625702085954,26277.427515853768,5255.485503170755,302.96,264.6,38.36,251.68,6.96,9.86,22.78,0.14,1789.1800000000005,94.18000000000016,426.94290232113474,274.38,directional,endpoint
C1,C 局部光学代价比 ≤1.0,50,646,646,50,0,541.5152843578833,694.1091172354496,44,0,6,0.0,directional_endpoint_50004,-5.995238148689334,1.0701367679248897,1.2511739137819555,1.2029976334472892,6996.377473903852,554.2357835659263,25625.18736951926,5125.037473903852,300.58,265.5,35.08,252.58,5.74,9.92,22.84,2.06,1776.9800000000002,94.36000000000007,397.7423415418967,274.08,directional,endpoint
C15,C 局部光学代价比 ≤1.5,50,646,646,50,0,534.9196068100267,693.4609568012387,49,1,0,0.9896280508396558,directional_endpoint_50009,-12.482224048648286,2.228049423333578,3.0645966960554105,2.320536418616881,6911.161319985546,547.7487976659675,25154.60659992773,5030.921319985547,297.18,265.42,31.76,252.5,5.12,19.14,32.06,5.86,1758.22,122.02000000000018,435.09537496702416,272.32,directional,endpoint
L30,L 局部完成代价（惩罚30 s）,50,646,646,50,0,541.097548209595,724.4589031001964,24,26,0,93.9373503885779,directional_endpoint_50046,-4.521951172334106,0.8071582966781121,1.4757829993085836,1.4067841178017404,6990.9803228679675,555.7090705422817,25566.90161433984,5113.380322867968,299.96,264.28,35.68,251.36,9.26,12.62,25.54,0.28,1775.1400000000003,102.45999999999992,357.34796943641265,275.34,directional,endpoint
M50,M 后验质量试清除（0.50）,50,646,646,50,0,542.0315949823753,713.2380449057836,31,19,0,11.698626086100603,directional_endpoint_50015,-5.009586251492947,0.894200081273766,0.9792893953625037,0.7231133315803273,7003.048207172289,555.2214354631228,25695.741035861447,5139.148207172289,302.04,263.46,38.58,250.54,6.22,4.92,17.84,0.04,1784.54,79.36000000000001,388.9845681157873,274.34,directional,endpoint
PC,P + C,50,646,646,50,0,523.7170119728615,696.8469863529302,40,10,0,34.44259537316054,directional_endpoint_50044,-22.729992176350276,4.057253399996297,5.949727764724388,1.8800946621088666,6766.423794689371,537.5010295382655,24405.918973446856,4881.18379468937,298.52,265.7,32.82,252.78,4.54,17.14,30.06,5.96,1769.2200000000005,116.02000000000025,325.80788422230876,276.62,directional,endpoint
M75,M 后验质量试清除（0.75）,50,646,646,50,0,540.4521223902843,717.8269747516814,27,23,0,61.28463211897895,directional_endpoint_50026,-5.647323810606741,1.0080348270116835,1.279229023195827,0.6968183013410512,6982.641421282474,554.583697904009,25617.90710641238,5123.581421282476,302.12,261.92,40.2,249.0,6.0,4.02,16.94,0.06,1782.4000000000003,76.66000000000004,421.85491844373524,271.8,directional,endpoint
LC,L + C,50,646,646,50,0,535.1871249690316,720.0241762754795,33,17,0,81.21706039088963,directional_endpoint_50046,-11.364855085428793,2.028601531319374,3.096266713716478,2.4848803576124068,6914.617654599889,548.8661666291869,25146.38827299945,5029.2776545998895,296.68,266.9,29.78,253.98,8.64,20.94,33.86,5.6,1757.92,127.42000000000009,345.7389766920259,274.52,directional,endpoint
LPC,L + P + C,50,646,646,50,0,531.3544371618659,706.0052380501645,30,20,0,84.94211185695309,directional_endpoint_50002,-15.52739738044667,2.7716061372189293,4.459632681316982,1.3147515119642406,6865.099328131308,544.7036243341691,24792.596640656535,4958.519328131309,300.24,268.84,31.4,255.92,8.24,20.32,33.24,5.44,1781.02,125.56000000000019,331.4575730497137,279.82,directional,endpoint
baseline,冻结基线 TRI25 + V4,200,2624,2624,200,0,512.6342356652375,694.8998576595524,0,0,200,0.0,mixed_endpoint_50000,0.0,0.0,0.0,0.0,6725.761171927916,526.7929090635871,24896.65585963958,4979.331171927916,281.225,244.28,36.945,231.16,3.725,6.3,19.42,0.07,1661.93,84.50000000000001,386.2832581078951,255.805,mixed,endpoint
previous_best,上轮 JSO + 紧凑外圈 + D-optimal,200,2624,2624,200,0,486.8634908209122,657.4300543683323,158,42,0,78.72858292631042,mixed_endpoint_50109,-26.134847139206794,4.96112356289371,6.226883925808446,2.1619699528847125,6387.648999570369,500.65806192438026,23346.369997851838,4669.273999570368,275.145,244.895,30.25,231.775,4.78,7.195,20.315,0.04,1631.19,87.18500000000007,292.0473873852832,255.465,mixed,endpoint
S_all,S 不限制单站补测数量,200,2624,2624,200,0,503.7233783359125,682.0716235248743,129,71,0,97.61248883274578,mixed_endpoint_50129,-8.801403890902753,1.6707521569619965,3.0032235856054634,-2.0304027024624416,6608.850723767172,517.9915051726844,24148.95361883586,4829.7907237671725,286.935,246.335,40.6,233.215,3.41,5.415,18.535,0.025,1697.215,81.84499999999984,397.4251321646966,262.54,mixed,endpoint
F60,F 连续处理当前源（60 m）,200,2624,2624,200,0,512.4028132927356,694.8998576595524,5,5,190,2.2281807587391995,mixed_endpoint_50122,-0.18990858128729002,0.036049950183425494,0.057864428529441625,0.008889679082602076,6722.724910400691,526.6030004822999,24882.249552003457,4976.449910400692,281.2,244.275,36.925,231.155,3.72,6.295,19.415,0.07,1661.79,84.48500000000001,386.2832581078951,255.79,mixed,endpoint
C15,C 局部光学代价比 ≤1.5,200,2624,2624,200,0,499.50862362921475,680.8559580277251,194,6,0,25.2724579748496,mixed_endpoint_50106,-13.084250612152994,2.4837560238635814,3.225192789304676,2.4571072984265308,6553.553142015297,513.7086584514341,24093.69071007648,4818.738142015297,274.315,243.795,30.52,230.675,2.74,15.4,28.52,5.775,1623.015,111.79999999999994,384.0231364138101,251.44,mixed,endpoint
P1,P 每站最多补测1次,200,2624,2624,200,0,502.374759349125,690.481057754852,124,76,0,97.57823298695331,mixed_endpoint_50129,-9.418252932233582,1.7878473248577387,2.933914701054774,-0.6098319850653233,6591.15684266052,517.3746561313535,24166.209213302598,4833.24184266052,282.94,243.695,39.245,230.575,3.435,6.135,19.255,0.04,1673.91,84.005,381.3644324978596,259.21,mixed,endpoint
F120,F 连续处理当前源（120 m）,200,2624,2624,200,0,512.5481020964036,691.4210559440555,72,92,36,66.7757178082635,mixed_endpoint_50090,0.17192992171025878,-0.03263709870657827,-0.2126777113480749,0.4604853764779149,6724.631099504814,526.9648389852974,24949.605497524073,4989.921099504814,279.93,243.46,36.47,230.34,3.52,5.6,18.72,0.05,1652.31,82.39999999999998,371.9717763424883,252.66,mixed,endpoint
L30,L 局部完成代价（惩罚30 s）,200,2624,2624,200,0,505.4108617316224,689.7527411996855,113,87,0,92.42730365956436,mixed_endpoint_50020,-6.555789781623388,1.2444719108457236,1.5605643273360115,1.6997066405902816,6630.990505918886,520.2371192819637,24508.127529594432,4901.625505918887,276.445,245.23,31.215,232.11,4.725,8.505,21.625,0.135,1638.25,91.11500000000005,379.9441463336817,256.025,mixed,endpoint
P2,P 每站最多补测2次,200,2624,2624,200,0,500.73796574780135,682.0716235248743,133,67,0,97.61248883274578,mixed_endpoint_50129,-11.356614715772357,2.1558025023456717,3.6469568913299,-1.6090319139479003,6569.682110611154,515.4362943478147,23988.685553055766,4797.737110611153,285.75,245.685,40.065,232.565,3.395,5.28,18.4,0.03,1690.505,81.4399999999999,385.59648705226004,261.755,mixed,endpoint
L90,L 局部完成代价（惩罚90 s）,200,2624,2624,200,0,502.5371205347937,679.8952315877711,121,79,0,114.85674154952085,mixed_endpoint_50059,-9.853373779251514,1.8704454083800504,2.056785278488893,2.5868966130322857,6593.287021416493,516.9395352843355,24384.58510708247,4876.917021416494,273.95,244.855,29.095,231.735,3.75,8.86,21.98,0.065,1624.19,92.18000000000008,389.0020101788866,254.44,mixed,endpoint
C1,C 局部光学代价比 ≤1.0,200,2624,2624,200,0,506.7191450387506,691.5746020825646,171,9,20,40.20928592717655,mixed_endpoint_50119,-5.982805934853241,1.1357035814107852,1.3140517623810966,1.2747799804427196,6648.155182908408,520.8101031287339,24569.500914542034,4913.900182908406,277.64,243.615,34.025,230.495,3.33,9.115,22.235,2.44,1641.31,92.94500000000004,380.34897328568775,253.11,mixed,endpoint
M75,M 后验质量试清除（0.75）,200,2624,2624,200,0,512.5363703316162,694.483088780971,109,91,0,80.40614659607013,mixed_endpoint_50129,0.37866299525540825,-0.0718808071901389,0.052597288404410136,-0.4587074406613878,6724.477178750805,527.1715720588425,24883.56089375403,4976.712178750807,282.515,244.615,37.9,231.495,3.53,4.97,18.09,0.07,1667.255,80.51000000000008,354.0754053247251,254.68,mixed,endpoint
M50,M 后验质量试清除（0.50）,200,2624,2624,200,0,513.6825396054093,692.5440477002359,100,100,0,98.9449665313121,mixed_endpoint_50165,0.9988015554619551,-0.18960041759814583,-0.3029271838774328,0.01955729398168682,6739.514919622969,527.7917106190491,24972.074598114843,4994.414919622969,281.17,244.615,36.555,231.495,3.48,5.965,19.085,0.075,1661.605,83.49500000000008,387.43743172012347,255.755,mixed,endpoint
LPC,L + P + C,200,2624,2624,200,0,490.3302424376278,663.2814556608553,154,46,0,82.00470271529502,mixed_endpoint_50068,-21.76482944218994,4.13157221134175,5.4508001531690216,3.74077695795183,6433.132780781677,505.0280796213971,23539.58890390838,4707.917780781677,270.705,243.45,27.255,230.33,4.325,17.85,30.97,5.94,1606.065,119.15,410.19956206671094,252.54,mixed,endpoint
PC,P + C,200,2624,2624,200,0,493.46215404949714,679.1330890884985,148,52,0,64.81531071652034,mixed_endpoint_50129,-18.5629927180056,3.523774219171394,4.9849608758279595,2.0321806382789687,6474.2234611294025,508.22991634558144,23655.567305647015,4731.113461129404,275.51,242.955,32.555,229.835,2.46,15.295,28.415,5.765,1631.625,111.48500000000001,367.9325981203726,254.075,mixed,endpoint
LC,L + C,200,2624,2624,200,0,495.82974334361467,683.4531154134511,135,65,0,87.69381881520485,mixed_endpoint_50020,-16.216024079671413,3.0782540540450043,3.882548329976643,3.7141079207040795,6505.286232668224,510.57688498391565,23930.031163341115,4786.006232668223,270.78,245.04,25.74,231.92,4.335,15.83,28.95,5.665,1606.19,113.09000000000019,379.0391993808857,252.29,mixed,endpoint
baseline,冻结基线 TRI25 + V4,50,646,646,50,0,511.3000217339836,675.9026433845225,0,0,50,0.0,mixed_smooth_50000,0.0,0.0,0.0,0.0,6605.996280803068,525.2571676818137,24424.98140401534,4884.996280803068,278.52,242.64,35.88,229.72,3.08,3.4,16.32,0.04,1646.1999999999998,74.79999999999974,327.00388233886457,253.6,mixed,smooth
S_all,S 不限制单站补测数量,50,646,646,50,0,512.1416209577961,672.253908632166,27,23,0,57.36472186318389,mixed_smooth_50002,0.01786528144915451,-0.003401244675638182,1.1694284856026749,-3.640672124084454,6616.869742774726,525.2750329632629,24139.348713873624,4827.869742774726,288.66,246.4,42.26,233.48,2.94,5.38,18.3,0.02,1708.26,80.73999999999998,358.5102999670365,264.96,mixed,smooth
previous_best,上轮 JSO + 紧凑外圈 + D-optimal,50,646,646,50,0,483.6523988042181,640.708297828109,39,11,0,68.15868170722979,mixed_smooth_50007,-28.543767313343615,5.434246131151255,7.121546634941933,1.0340370529943965,6248.788992550498,496.7134003684701,22685.54496275249,4537.108992550498,275.64,248.32,27.32,235.4,3.34,4.08,17.0,0.0,1634.84,76.84000000000006,285.2505897352035,256.64,mixed,smooth
P1,P 每站最多补测1次,50,646,646,50,0,508.90188923861524,678.4242183068708,33,17,0,84.76563611144172,mixed_smooth_50019,-2.821824953278299,0.5372273101445058,1.4121581240757464,-1.9172770357604563,6575.012408962909,522.4353427285355,24080.062044814546,4816.012408962909,283.86,243.22,40.64,230.3,3.1,4.88,17.8,0.02,1679.76,79.23999999999987,383.08270247184953,260.46,mixed,smooth
L90,L 局部完成代价（惩罚90 s）,50,646,646,50,0,505.1238002611296,681.6643089881596,29,21,0,95.50121794624624,mixed_smooth_50002,-6.482916759858283,1.2342367051305758,1.2576628086843122,1.3715352577911788,6526.199499373794,518.7742509219555,24117.797496868978,4823.559499373796,274.7,249.18,25.52,236.26,3.34,2.8,15.72,0.06,1629.64,72.99999999999994,419.1843796633223,256.14,mixed,smooth
L30,L 局部完成代价（惩罚30 s）,50,646,646,50,0,496.5037355100984,667.8989197174302,35,15,0,54.40213289155662,mixed_smooth_50014,-14.372138666384304,2.7362099083416025,3.7139847726305852,1.0124946143903468,6414.828262790472,510.88502901542944,23517.841313952358,4703.568262790472,275.7,247.42,28.28,234.5,4.0,3.72,16.64,0.08,1635.5,75.76000000000013,435.09930562967224,257.0,mixed,smooth
P2,P 每站最多补测2次,50,646,646,50,0,509.72416628916835,672.253908632166,28,22,0,62.53839986453346,mixed_smooth_50002,-1.9803016276238201,0.37701563147888306,1.6532264858497792,-3.209823352003438,6585.636228456055,523.27686605419,24021.18114228028,4804.236228456055,287.46,246.22,41.24,233.3,3.0,5.2,18.12,0.02,1701.2,80.19999999999993,318.1077597051775,263.9,mixed,smooth
F120,F 连续处理当前源（120 m）,50,646,646,50,0,514.7253251721019,683.9030997111006,12,29,9,72.00705079271842,mixed_smooth_50019,3.5123385064338404,-0.6686893054568266,-0.2836219236222126,-1.9603619129685557,6650.251201223557,528.7695061882474,24494.25600611778,4898.851201223555,283.98,247.76,36.22,234.84,2.86,3.22,16.14,0.04,1677.14,74.25999999999975,257.8753269277978,257.24,mixed,smooth
F60,F 连续处理当前源（60 m）,50,646,646,50,0,512.2631158463971,675.9026433845225,1,1,48,42.02404692144677,mixed_smooth_50045,0.7735129995970328,-0.14726367333757207,-0.15359634892395668,0.02872325147206256,6618.439456735451,526.0306806814108,24462.497283677265,4892.499456735452,278.44,242.52,35.92,229.6,3.16,5.2,18.12,0.04,1645.7399999999998,80.19999999999978,327.00388233886457,253.54,mixed,smooth
C1,C 局部光学代价比 ≤1.0,50,646,646,50,0,508.9547384124504,675.3399988802697,32,9,9,37.02457837961521,mixed_smooth_50045,-2.565115546966823,0.48835422052169175,0.5641981882876346,0.8832399827660375,6575.695220288859,522.6920521348469,24287.1761014443,4857.4352202888585,276.06,241.54,34.52,228.62,2.98,7.28,20.2,1.84,1631.82,86.44000000000004,329.31729714878173,251.52,mixed,smooth
C15,C 局部光学代价比 ≤1.5,50,646,646,50,0,504.80873928354487,673.4826306156288,40,10,0,26.940164442232458,mixed_smooth_50045,-6.701383413908266,1.275829027423725,1.9452905139990317,1.7305759011920108,6522.1289115434,518.5557842679054,23949.844557717006,4789.9689115434,273.7,241.56,32.14,228.64,2.54,16.36,29.28,7.24,1618.48,113.67999999999992,326.0836361749758,249.98,mixed,smooth
M50,M 后验质量试清除（0.50）,50,646,646,50,0,516.2471747590757,670.9255897094351,25,25,0,59.030063219258466,mixed_smooth_50034,3.948321286401515,-0.7516929857096954,-1.4283985713233527,0.639092345253478,6669.913497887258,529.2054889682153,24773.86748943629,4954.773497887258,276.74,240.48,36.26,227.56,3.2,5.4,18.32,0.12,1634.34,80.80000000000001,375.6037378902599,250.64,mixed,smooth
PC,P + C,50,646,646,50,0,504.60472484634374,663.4853319773686,33,17,0,84.10565007971059,mixed_smooth_50019,-7.364306148119371,1.4020382017100874,2.8127602947881747,-0.5241993393652278,6519.493045014761,517.8928615336943,23737.965225073804,4747.59304501476,279.98,244.26,35.72,231.34,2.76,16.32,29.24,7.54,1658.3400000000006,113.55999999999989,315.38237682326707,258.44,mixed,smooth
LPC,L + P + C,50,646,646,50,0,490.90493572374146,670.8730121611802,41,9,0,80.10349297684388,mixed_smooth_50002,-19.54435946718947,3.720912472921989,5.2508640029130245,2.1829671118770544,6342.491769550739,505.7128082146243,23142.458847753704,4628.491769550739,272.44,245.54,26.9,232.62,3.36,10.82,23.74,6.06,1616.94,97.06000000000014,397.0276013016358,254.74,mixed,smooth
LC,L + C,50,646,646,50,0,494.04924470065674,663.5661491945658,34,16,0,34.88428571779207,mixed_smooth_50047,-16.568212136324984,3.1543048159528464,4.533883477884082,1.9460002872324966,6383.116241532485,508.68895554548874,23317.581207662428,4663.516241532486,273.1,247.34,25.76,234.42,3.96,11.52,24.44,5.96,1620.44,99.15999999999991,437.38439101767557,254.94,mixed,smooth
M75,M 后验质量试清除（0.75）,50,646,646,50,0,515.8523868367473,682.8000872323545,21,29,0,78.30710530917105,mixed_smooth_50042,4.191305446385718,-0.7979530226848164,-1.4201967235950796,0.6965388481976142,6664.8128379307755,529.4484731281995,24771.86418965388,4954.372837930775,276.58,238.8,37.78,225.88,3.22,4.82,17.74,0.1,1631.38,79.05999999999995,362.6117606081768,248.48,mixed,smooth
baseline,冻结基线 TRI25 + V4,50,646,646,50,0,488.2659513277925,655.384173637397,0,0,50,0.0,omni_endpoint_50000,0.0,0.0,0.0,0.0,6308.396091155079,502.60458458990354,23450.580455775395,4690.11609115508,260.82,227.26,33.56,214.34,0.12,4.26,17.18,0.04,1540.9000000000003,77.38000000000002,435.22980945221747,236.8,omni,endpoint
S_all,S 不限制单站补测数量,50,646,646,50,0,478.48786826359884,648.0188240951585,31,19,0,51.137302319435435,omni_endpoint_50010,-10.23033596291012,2.0354641156442366,3.403600893598957,-2.016716509470129,6182.063257965697,492.3742486269933,22652.416289828485,4530.483257965697,266.08,228.14,37.94,215.22,0.38,4.22,17.14,0.0,1574.32,77.26000000000009,450.44498130361404,243.92,omni,endpoint
previous_best,上轮 JSO + 紧凑外圈 + D-optimal,50,646,646,50,0,451.81257076400567,631.5175399219983,42,8,0,16.252788421953596,omni_endpoint_50024,-36.219568414267684,7.206374459122933,9.304197772568445,2.898550724637683,5837.418414270954,466.3850161756358,21268.69207135477,4253.738414270954,253.26,226.78,26.48,213.86,0.54,5.68,18.6,0.0,1502.04,81.63999999999993,431.53663659435057,235.74,omni,endpoint
P1,P 每站最多补测1次,50,646,646,50,0,473.3031527172234,650.7513304049337,32,18,0,29.429254777985477,omni_endpoint_50010,-14.141554942152359,2.813654187753001,4.149137340449672,0.2377118319147331,6115.076733106526,488.46302964775117,22477.583665532627,4495.516733106526,260.2,224.3,35.9,211.38,0.2,4.84,17.76,0.0,1540.44,79.12000000000018,444.46474183290286,239.44,omni,endpoint
L30,L 局部完成代价（惩罚30 s）,50,646,646,50,0,480.70362151279267,659.8704594647925,27,23,0,72.01946717568364,omni_endpoint_50025,-7.137069852756988,1.4200168624765919,1.1011518735579928,3.581013725941262,6210.690789945282,495.4675147371465,23192.353949726406,4638.470789945281,251.48,225.2,26.28,212.28,0.18,5.18,18.1,0.02,1492.08,80.13999999999994,511.9025822113376,234.68,omni,endpoint
L90,L 局部完成代价（惩罚90 s）,50,646,646,50,0,480.8384232218107,652.5819722173155,30,20,0,69.65051812569618,omni_endpoint_50030,-7.043580094464418,1.4014158068636928,1.4030284506897805,2.7221838816041677,6212.432428025794,495.561004495439,23121.562140128975,4624.312428025794,253.72,227.48,26.24,214.56,0.18,6.32,19.24,0.06,1504.56,83.56000000000012,554.2591655360296,235.96,omni,endpoint
F60,F 连续处理当前源（60 m）,50,646,646,50,0,488.3091040313065,655.384173637397,0,1,49,2.1443574207725646,omni_endpoint_50017,0.04288714841545129,-0.008532979946940245,-0.004638113965049762,-0.01533624722032112,6308.95362408448,502.647471738319,23451.668120422397,4690.33362408448,260.86,227.26,33.6,214.34,0.12,4.28,17.2,0.04,1541.1800000000003,77.44000000000001,435.22980945221747,236.88,omni,endpoint
P2,P 每站最多补测2次,50,646,646,50,0,476.8893042672913,648.0188240951585,30,20,0,44.12555566605016,omni_endpoint_50006,-11.060061755389647,2.2005493173951174,3.5719004981051294,-1.1272141706924366,6161.409811133403,491.5445228345138,22612.949055667017,4522.589811133403,263.76,226.82,36.94,213.9,0.32,4.28,17.2,0.0,1561.38,77.44000000000011,458.84071195053735,242.58,omni,endpoint
F120,F 连续处理当前源（120 m）,50,646,646,50,0,486.82459204757794,654.4470909659656,22,20,8,61.12392841502219,omni_endpoint_50025,-1.3757177770001,0.27371771352276975,0.1407718225317267,0.7131354957441993,6289.773729254707,501.22886681290345,23417.568646273532,4683.513729254707,258.96,225.84,33.12,212.92,0.18,4.5,17.42,0.04,1528.16,78.09999999999994,384.1795422015543,233.36,omni,endpoint
C1,C 局部光学代价比 ≤1.0,50,646,646,50,0,484.607695007443,650.5994034882826,43,0,7,0.0,omni_endpoint_50006,-3.615367410158309,0.7193263891749568,0.8926148275490764,0.8434935971167845,6261.131419496163,498.9892171797452,23241.257097480815,4648.251419496164,258.62,227.26,31.36,214.34,0.12,6.8,19.72,2.2,1527.8800000000003,85.00000000000017,432.9886650100444,234.78,omni,endpoint
C15,C 局部光学代价比 ≤1.5,50,646,646,50,0,480.89663889989777,645.6907198517046,48,2,0,5.268378015406995,omni_endpoint_50015,-7.525360882892719,1.4972726301398676,1.945613174490235,1.8940265317076932,6213.184574586679,495.0792237070107,22994.322872933397,4598.86457458668,255.88,226.72,29.16,213.8,0.14,12.72,25.64,5.0,1511.5600000000006,102.7600000000003,443.07110463592215,232.16,omni,endpoint
PC,P + C,50,646,646,50,0,466.93928644764384,645.746835095113,40,10,0,60.423184421254405,omni_endpoint_50037,-20.300659800969196,4.039091648464266,5.643794420157544,2.568821409401112,6032.855580903558,482.30392478893424,22127.07790451779,4425.415580903558,254.12,224.02,30.1,211.1,0.22,12.7,25.62,5.74,1504.74,102.70000000000009,460.40312863080476,234.14,omni,endpoint
LPC,L + P + C,50,646,646,50,0,468.5150203883707,636.8606654329803,35,15,0,49.65298823148606,omni_endpoint_50040,-19.700951540355348,3.919771554895446,4.534685786102822,4.9459397285484314,6053.2140634177495,482.9036330495481,22387.17031708875,4477.434063417749,247.92,225.4,22.52,212.48,0.14,13.42,26.34,6.44,1470.92,104.8600000000002,606.6400321535705,231.32,omni,endpoint
LC,L + C,50,646,646,50,0,474.3432734655832,647.5982132858336,35,15,0,57.581073411735304,omni_endpoint_50025,-13.690050581998413,2.723821270585658,2.7914233983811876,5.337014032666199,6128.515093175334,488.91453400790505,22795.97546587668,4559.195093175335,246.9,225.92,20.98,213.0,0.2,13.14,26.06,5.9,1465.3,104.01999999999991,560.9071602150132,230.8,omni,endpoint
M50,M 后验质量试清除（0.50）,50,646,646,50,0,487.35703657225724,648.9011367052243,22,28,0,22.113557215013543,omni_endpoint_50039,-1.0916305385507088,0.21719470375334282,0.43545145247114725,-0.4984280346599146,6296.652912513564,501.5129540513528,23348.464562567813,4669.692912513562,262.12,227.8,34.32,214.88,0.12,4.56,17.48,0.04,1548.68,78.28000000000024,500.8005891198713,238.08,omni,endpoint
M75,M 后验质量试清除（0.75）,50,646,646,50,0,490.36857094255123,663.1152030712758,17,33,0,46.02689092608051,omni_endpoint_50001,1.6724075265034752,-0.33274816382107275,-0.38263115611409937,-0.7514761137949355,6335.561936577762,504.276992116407,23540.309682888805,4708.06193657776,262.78,227.62,35.16,214.7,0.14,4.14,17.06,0.06,1550.48,77.02000000000021,482.0247702994738,236.58,omni,endpoint
