scene_id,variant,seed,source_kind,error_mode,scenario_sha256,N,K,T,T_over_K,move_m,localization_move,n_measure,n_clear,n_clear_ok,n_optical_fallback,n_cover_visited,failure,all_certified,n_probe,n_replan,planner_wall_s,wall_s,discovery_measure,discovery_no_signal,refine_measure,refine_no_signal,measure_s,clear_s,movement_s,after_last_clear_s,failed_clears,switches,accounting_residual_s,full_success,certificate_max_distance_m,certificate_hull_margin_m,event_sha256,n_selective_probe,n_optimistic_attempt,n_early_optical_proposals,n_mass_attempt,n_budget_probe,n_burst_actions,n_local_optical_proposals,delta_T,delta_T_over_K,delta_move_m,delta_movement_s,delta_n_measure,delta_discovery_measure,delta_refine_measure,delta_discovery_no_signal,delta_refine_no_signal,delta_failed_clears,delta_n_clear,delta_n_optical_fallback,delta_measure_s,delta_clear_s,delta_after_last_clear_s,delta_switches
boundary_endpoint_50034,previous_best,50034,boundary,endpoint,83dea3ab3177467f1baca5b18caadde40fd00811a478d8f40e66ffefe0a6bd53,16,16,7791.038389502071,486.93989934387946,27240.191947510364,10019.473496549324,381,18,16,0,25,,True,5,68,1.5801359000615776,1.6660879999981262,350,334,31,12,2257.0,86.00000000000016,5448.038389502071,0.0,2,352,-1.8189894035458565e-12,True,943.0121947375768,2.074856830987301,d9570c3eeb79c8ddb175c817f3e752e23f2b42b885fb66c72ff1c7fca4442b91,5,3,0,0,0,0,0,1959.1981570830721,122.44988481769201,7035.990785415372,1407.1981570830712,93,98,-5,98,-4,-1,-1,0,555.0000000000002,-2.999999999999332,0.0,90
mixed_endpoint_50059,L90,50059,mixed,endpoint,e26c575e514b5ab784184e4e9311f52af4546c068dc5f00de8aebe58b6573442,11,11,7558.30940225241,687.1190365684009,27246.547011262035,11178.290661730154,343,16,11,0,25,,True,8,57,1.1532426001213023,1.2143279000010807,318,307,25,1,2039.0000000000016,70.00000000000104,5449.309402252407,0.0,5,324,2.7284841053187847e-12,True,943.0121947375768,17.74943008678929,b6541f00fac5c1ba6e863c77972363c3bd531a801f80e67b985da9484e407eec,0,0,0,0,0,0,0,1263.4241570447293,114.85674154952085,4962.120785223626,992.4241570447248,44,45,-1,45,0,-1,-1,0,274.0000000000007,-2.999999999997513,-772.1697106940674,54
mixed_endpoint_50165,M50,50165,mixed,endpoint,2f75e1c6abc81be0165be922014532c5200be5e65af0c4c3e3dd10d3cab6e15e,16,16,6551.285536326124,409.4553460203828,25716.427681630616,13317.213179876697,224,21,16,0,22,,True,8,84,2.3785471002047416,2.4404985000146557,174,158,50,5,1312.9999999999998,94.99999999999996,5143.285536326126,0.0,5,193,9.094947017729282e-13,True,943.0121947375768,17.74943008678929,c084d86ce4ca2d05be4457ab21f06e50082a6631fc934daa192cc876a4a14e80,0,0,0,8,0,0,0,1583.1194645009928,98.9449665313121,5895.597322504964,1179.1194645009955,70,65,5,65,4,-2,-2,0,409.9999999999998,-6.000000000001137,0.0,60
boundary_endpoint_50034,L90,50034,boundary,endpoint,83dea3ab3177467f1baca5b18caadde40fd00811a478d8f40e66ffefe0a6bd53,16,16,7410.921315687649,463.1825822304781,25689.606578438263,9247.918561096856,369,17,16,0,25,,True,2,62,1.542011399869807,1.609011599997757,346,330,23,6,2189.9999999999973,83.00000000000117,5137.921315687651,0.0,1,345,-2.7284841053187847e-12,True,943.0121947375768,17.74943008678929,c4876601db5a088a5ad808bc2f2e89fe815048ff6049afc3fa2c4b76dceb8840,0,0,0,0,0,0,0,1579.0810832686502,98.69256770429064,5485.40541634327,1097.0810832686511,81,94,-13,94,-10,-2,-2,0,487.9999999999975,-5.999999999998323,0.0,83
mixed_endpoint_50129,S_all,50129,mixed,endpoint,2587af8dfe9b97192481c2861dc059d08a336536f3b14c9c5f0e06102286de46,15,15,7796.480611958971,519.765374130598,29192.40305979485,14902.157593997244,316,19,15,0,25,,True,13,73,1.3839959999895657,1.459274799999548,273,258,43,6,1871.0000000000011,86.99999999999937,5838.480611958968,326.9633760491224,4,291,9.094947017729282e-13,True,943.0121947375768,17.74943008678929,3c9a34187e9d6a552899c83dee34e08123540aba43fee5986af138467cca7bf6,13,0,0,0,0,0,0,1464.1873324911876,97.61248883274578,5525.93666245593,1105.1873324911849,60,56,4,56,2,-1,-1,0,362.0000000000002,-3.00000000000027,25.713936703480613,62
mixed_endpoint_50129,P2,50129,mixed,endpoint,2587af8dfe9b97192481c2861dc059d08a336536f3b14c9c5f0e06102286de46,15,15,7796.480611958971,519.765374130598,29192.40305979485,14902.157593997244,316,19,15,0,25,,True,13,73,1.3250397999654524,1.4095743999932893,273,258,43,6,1871.0000000000011,86.99999999999937,5838.480611958968,326.9633760491224,4,291,9.094947017729282e-13,True,943.0121947375768,17.74943008678929,0b84364a6068927980733949739b32284671a0f5376d099e879ad0d52cc2dae5,13,0,0,0,13,0,0,1464.1873324911876,97.61248883274578,5525.93666245593,1105.1873324911849,60,56,4,56,2,-1,-1,0,362.0000000000002,-3.00000000000027,25.713936703480613,62
mixed_endpoint_50129,P1,50129,mixed,endpoint,2587af8dfe9b97192481c2861dc059d08a336536f3b14c9c5f0e06102286de46,15,15,7795.966774272084,519.7311182848056,29189.83387136041,14899.5884055628,316,19,15,0,25,,True,13,73,1.3892162999254651,1.4789152000157628,273,258,43,6,1871.0000000000011,87.00000000000026,5837.966774272081,326.9633760491224,4,291,1.8189894035458565e-12,True,943.0121947375768,17.74943008678929,47368c2f4006e7ef64f73285a252da035412d7adb64efb1d8d6aec238a1ce5ff,13,0,0,0,13,0,0,1463.6734948043004,97.57823298695331,5523.367474021488,1104.6734948042977,60,56,4,56,2,-1,-1,0,362.0000000000002,-2.999999999999389,25.713936703480613,62
mixed_smooth_50002,L90,50002,mixed,smooth,c2113e4b34732c58f2914476c6325e7aaa1e042bdb3481270ec0bd8d83344c7f,16,16,6575.605078364438,410.97531739777736,25913.025391822182,12419.342534911755,219,21,16,0,23,,True,13,61,1.7913685000967234,1.851675300014904,188,172,31,2,1297.9999999999989,95.0000000000007,5182.605078364437,0.0,5,203,9.094947017729282e-13,True,943.0121947375768,17.74943008678929,56381193438664dfe3cb909f8fb49f40a151b8d599f5c6cd40dbe34c9cfc9085,0,0,0,0,0,0,0,1528.0194871399399,95.50121794624624,5615.097435699699,1123.0194871399399,66,73,-7,73,-2,4,4,0,392.99999999999886,12.00000000000054,0.0,63
directional_endpoint_50046,L30,50046,directional,endpoint,a981d0b46d153c3bc16c4f0c080dc4b95c1eb74bc53f407349956a29045feb68,12,12,7994.06562915457,666.1721357628809,27770.328145772844,12006.022967772704,379,59,12,1,25,,True,9,76,2.5791956998291425,2.679095800005598,336,324,43,17,2239.0000000000014,200.99999999999915,5554.065629154568,0.0,47,344,9.094947017729282e-13,True,943.0121947375768,17.74943008678929,a24befa50f3cc0c43a84d031df8367dd7910ad86ea702385cb747fa70ae55830,0,0,0,0,0,0,0,1127.2482046629339,93.9373503885779,3576.241023314644,715.2482046629293,50,41,9,41,15,39,39,1,295.00000000000296,117.00000000000023,-1595.178073129532,45
mixed_endpoint_50020,L30,50020,mixed,endpoint,56aa805bae245cd1bacad60b2da54f34dd6361d7eee6a2fc398cf60dd397594c,10,10,7260.036070199835,726.0036070199835,26025.18035099916,9623.474806744469,335,16,10,0,25,,True,7,61,1.0441753000486642,1.086363700014772,307,297,28,5,1987.0000000000016,68.00000000000125,5205.0360701998325,773.6682557838649,6,312,2.7284841053187847e-12,True,943.0121947375768,17.74943008678929,a283553e6023c582aec7ef2a60bb4b6989a185499d4fcebd34dd16cbe6028044,0,0,0,0,0,0,0,924.273036595644,92.42730365956436,4441.365182978199,888.2730365956404,3,5,-2,5,3,4,4,0,24.00000000000273,12.000000000000888,447.8809290885065,9
mixed_endpoint_50120,L90,50120,mixed,endpoint,7d755cbf62e7b997a45f16d5e7cbd5da11f1d49eba6475f59eaf0b3df7327b15,16,16,7222.784001402568,451.4240000876605,28518.920007012828,16791.112098684003,238,26,16,0,23,,True,13,74,3.232660000037868,3.31890869999188,199,183,39,4,1409.000000000002,110.00000000000011,5703.784001402568,0.0,10,219,1.8189894035458565e-12,True,943.0121947375768,17.74943008678929,1c80ef299072be87c6bfda4aa6420c9c602955dc0dcbebc153be9574c3fc8895,0,0,0,0,0,0,0,1455.5459444799353,90.97162152999601,6257.729722399661,1251.5459444799353,29,25,4,25,2,9,9,0,177.00000000000205,27.0000000000003,0.0,32
mixed_endpoint_50020,LC,50020,mixed,endpoint,56aa805bae245cd1bacad60b2da54f34dd6361d7eee6a2fc398cf60dd397594c,10,10,7212.701221756241,721.270122175624,25698.506108781192,9283.47402062864,328,35,10,5,25,,True,7,50,1.0274096998618916,1.0798734999843873,307,297,21,4,1948.0000000000011,124.99999999999925,5139.701221756239,772.7041538739422,25,308,1.8189894035458565e-12,True,943.0121947375768,17.74943008678929,27ce3dd8f143aa626de7b9096aa520f549d41192da3f3487dcfdc099b832d971,0,0,0,0,0,0,45,876.9381881520494,87.69381881520485,4114.6909407602325,822.9381881520467,-4,5,-9,5,2,23,23,5,-14.999999999997726,68.99999999999889,446.91682717858384,5
mixed_endpoint_50050,L90,50050,mixed,endpoint,0bd3f64004cec500f45e04539cf3e1453da60a9997d37972b8481cf01a311606,10,10,7178.942423787808,717.8942423787807,25434.71211893904,9266.277119835497,341,15,10,0,25,,True,7,53,1.1582159000972752,1.2130018000025302,320,310,21,1,2026.9999999999995,65.00000000000132,5086.942423787808,627.3297459128971,5,322,0.0,True,943.0121947375768,17.74943008678929,94fc0369a210996214e0d2f75652a3da35109d71b4cf1c0e7046c2d23cd86f95,0,0,0,0,0,0,0,872.6134570970817,87.26134570970805,3183.0672854854092,636.6134570970826,39,46,-7,46,-1,-3,-3,-1,244.99999999999864,-8.999999999999261,-1021.1067595533459,50
mixed_endpoint_50046,L30,50046,mixed,endpoint,89178c692d59a76cb24ff07ce44bc4a2414d1f388f06069f1e39b48d21ae2382,12,12,7884.034389387027,657.0028657822522,28450.171946935134,11532.882043283042,318,100,12,2,25,,True,5,76,1.3386203999980353,1.4612617999955546,278,266,40,16,1870.0000000000005,323.9999999999993,5690.034389387028,2369.153669505968,88,280,0.0,True,943.0121947375768,17.74943008678929,aa44feebe101f836f480c5a33381da253c5312e0f4b2d20bbaffe7fedb70026e,0,0,0,0,0,0,0,1029.8806716339795,85.82338930283163,4054.403358169893,810.8806716339795,-2,-10,8,-10,15,79,79,2,-17.99999999999841,236.99999999999864,248.10896261459447,-8
directional_endpoint_50002,LPC,50002,directional,endpoint,a4f9fe025b103bba23345fc397584f4dd0e2f4cefdaf7190d017140f8667f255,16,16,7657.786882535422,478.6116801584639,27738.934412677085,13478.553462745716,308,84,16,6,24,,True,20,68,2.7039106999291107,2.861886800004868,259,243,49,13,1826.000000000001,283.99999999999875,5547.786882535422,0.0,68,286,4.547473508864641e-12,True,943.0121947375768,17.74943008678929,57a0851df1d28183f1e6bb17a8a548abf1d7930f35e284195ed8d339ee372690,20,0,0,0,20,0,17,1359.0737897112494,84.94211185695309,3810.3689485562245,762.0737897112494,70,59,11,59,8,60,60,6,416.99999999999955,179.99999999999966,0.0,67
mixed_smooth_50019,P1,50019,mixed,smooth,a40da7d1bc8e630826de30ba27788af20501d653dbea4e63d04c535dd53d883c,16,16,6531.368241248114,408.2105150780071,25886.841206240573,13831.665325989596,214,19,16,0,21,,True,21,64,1.59649680001894,1.695665800012648,168,152,46,3,1264.9999999999995,89.00000000000013,5177.368241248112,0.0,3,195,-9.094947017729282e-13,True,943.0121947375768,17.74943008678929,6401b0ada92535b88ba94af66b81b2e674e5ebf3b53f6e4ce7d6547c8fc7caf0,21,0,0,0,21,0,0,1356.2501777830676,84.76563611144172,6001.250888915332,1200.2501777830666,26,24,2,24,-1,-1,-1,0,158.99999999999864,-2.999999999999474,0.0,29
directional_endpoint_50045,F120,50045,directional,endpoint,3ab5cbf4305c3694a88819116779a552f981ca944f0df10d5ef4e1bd83cb0443,16,16,8267.130686777517,516.6956679235948,33465.65343388758,20551.888318800666,201,124,16,1,19,,True,11,73,1.225510700023733,2.213114099984523,137,121,64,21,1170.0000000000014,404.0000000000018,6693.130686777514,0.0,108,165,0.0,True,943.0121947375768,17.74943008678929,511691c0cdb82f5cab6aa9a4373e0f5282396f88bb81eb39787d8dda886eb9c0,0,0,0,0,0,20,0,1351.5708905788379,84.47318066117737,6172.8544528941675,1234.5708905788333,-31,-42,11,-42,12,102,102,1,-188.99999999999727,306.0000000000037,0.0,-34
mixed_smooth_50019,PC,50019,mixed,smooth,a40da7d1bc8e630826de30ba27788af20501d653dbea4e63d04c535dd53d883c,16,16,6520.808464740417,407.550529046276,25724.042323702084,13691.227866398182,210,34,16,6,21,,True,19,59,1.9119133997883184,2.0246232000063173,168,152,42,3,1241.9999999999989,133.9999999999995,5144.808464740416,0.0,18,192,0.0,True,943.0121947375768,17.74943008678929,91540660ecabd090f5019eaaf3fbf4de6ceee3d1bada3fc5c55aa023526f2f1c,19,0,0,0,19,0,82,1345.6904012753703,84.10565007971059,5838.452006376843,1167.6904012753703,22,24,-2,24,-1,14,14,6,135.99999999999795,41.999999999999886,0.0,26
mixed_endpoint_50068,LPC,50068,mixed,endpoint,59716a1d1d00d09c2abafa1b2eb8a5a87dfed90e91db570294b0280d834ef9f6,14,14,8490.155773115455,606.4396980796754,32660.778865577257,15324.784041086368,253,147,14,6,25,,True,13,67,2.61616520001553,2.850061299977824,212,198,41,16,1489.000000000001,468.99999999999926,6532.155773115455,718.0298095805201,133,224,3.637978807091713e-12,True,943.0121947375768,17.74943008678929,cf175821ab2e298e8a3b4003042b7c53136df5fa85fdb9e3f6469add65a4f431,13,0,0,0,13,0,142,1148.0658380141294,82.00470271529502,4020.329190070628,804.0658380141303,-6,-1,-5,-1,6,126,126,6,-33.999999999998636,377.99999999999903,408.6562447426604,-4
directional_endpoint_50046,LC,50046,directional,endpoint,a981d0b46d153c3bc16c4f0c080dc4b95c1eb74bc53f407349956a29045feb68,12,12,7841.422149182311,653.4518457651926,27032.110745911523,11262.907291290743,375,65,12,6,25,,True,9,67,2.098471500183223,2.216186400008155,336,324,39,18,2216.000000000003,219.00000000000236,5406.422149182306,0.0,53,341,6.366462912410498e-12,True,943.0121947375768,17.74943008678929,7365bce541196e5c1a5d48f13cb6f638036bf77c1e7ce23eb84691d20ce498e6,0,0,0,0,0,0,8,974.6047246906746,81.21706039088963,2838.023623453322,567.6047246906674,46,41,5,41,16,45,45,6,272.0000000000048,135.00000000000344,-1595.178073129532,42
mixed_endpoint_50129,M75,50129,mixed,endpoint,2587af8dfe9b97192481c2861dc059d08a336536f3b14c9c5f0e06102286de46,15,15,7538.385478408835,502.5590318939224,28041.927392044174,13630.218466955488,312,18,15,0,25,,True,8,74,2.283526200131746,2.3508697999932338,272,257,40,4,1846.000000000001,84.0000000000006,5608.3854784088335,0.0,3,286,9.094947017729282e-13,True,943.0121947375768,17.74943008678929,b9e52ee2cda636e906758500899a3aef02058a7327f49208b24a8a1834faaabc,0,0,0,6,0,0,0,1206.0921989410517,80.40614659607013,4375.460994705252,875.0921989410499,56,55,1,55,0,-2,-2,0,337.0,-5.999999999999048,-301.2494393456418,57
mixed_smooth_50002,LPC,50002,mixed,smooth,c2113e4b34732c58f2914476c6325e7aaa1e042bdb3481270ec0bd8d83344c7f,16,16,6329.241478854,395.577592428375,24916.20739427,13291.53633001457,206,32,16,8,21,,True,15,54,3.169667699956335,3.267082899983506,173,157,33,7,1218.000000000001,127.9999999999992,4983.241478854001,0.0,16,188,0.0,True,943.0121947375768,17.74943008678929,35fca98f83eb1e15c2f4f24de76ac24794cb3cce35ee5a4b74857f304878e87a,15,0,0,0,15,0,116,1281.655887629502,80.10349297684388,4618.279438147518,923.6558876295039,53,58,-5,58,3,15,15,8,313.0000000000009,44.99999999999905,0.0,48
mixed_endpoint_50109,previous_best,50109,mixed,endpoint,b3558d2959a3313b473acb5895c1fbc33bbe7beaa2809cadb6357709ac5c285c,14,14,7669.709298994111,547.8363784995794,29238.54649497059,13956.55476114479,272,60,14,1,25,,True,14,70,2.1806264999031555,2.2582173999981023,236,222,36,11,1613.9999999999998,207.99999999999525,5847.7092989941175,128.66137759480353,46,254,-6.366462912410498e-12,True,943.0121947375768,2.074856830987301,4a3286113d0ee4c75ec7c4f3d277cbe86392f03fc48342e279831047946ba065,14,11,0,0,0,0,0,1102.2001609683457,78.72858292631042,4321.000804841773,864.2001609683521,18,14,4,14,11,41,41,1,114.99999999999886,122.99999999999493,31.290344134106803,25
mixed_smooth_50042,M75,50042,mixed,smooth,61b17d1bbaa6105efcb1fa30abd5c6a807690da8066232e32d027295883d3962,15,15,7962.971486173717,530.8647657449145,31039.857430868586,16833.011374420752,231,125,15,1,25,,True,6,97,3.440259099850664,3.635864400013816,173,158,58,11,1349.999999999999,404.9999999999996,6207.971486173716,277.4161825780184,110,195,9.094947017729282e-13,True,943.0121947375768,17.74943008678929,a1f972f69288d8b3e0be9d10f2ebfcdc1c606b6f04e7aab568fa5680e13859a4,0,0,0,7,0,0,0,1174.6065796375642,78.30710530917105,3813.0328981878374,762.6065796375633,16,6,10,6,8,106,106,1,93.99999999999773,318.0000000000001,-408.98685643127374,14
mixed_endpoint_50148,L30,50148,mixed,endpoint,9b613335a74a9a252f43ece6de3069eacbf9556c0c66af94a4842a96e62a0250,11,11,7233.984375587958,657.6349432352689,26504.921877939792,9209.836110916664,313,16,11,0,25,,True,10,53,1.1881116000877228,1.2498310999944806,290,279,23,2,1862.9999999999984,69.99999999999997,5300.984375587961,755.4101413539756,5,298,0.0,True,943.0121947375768,17.74943008678929,eaa94a49db675bddf24b89c9e1c04101d24685e00300dd03e102bb7601ccd43b,0,0,0,0,0,0,0,847.1896128019498,77.01723752744999,4420.94806400975,884.1896128019516,-9,-3,-6,-3,1,2,2,0,-43.00000000000114,5.999999999999915,755.4101413539756,2
mixed_endpoint_50155,M75,50155,mixed,endpoint,a9571979a28b5ec6d3cf22198abb75eb382c34a052ef77c0169b493c04673b51,10,10,7621.700857083494,762.1700857083495,27078.50428541746,11864.092573781596,362,15,10,0,25,,True,3,71,1.699923400010448,1.7652951999916695,327,317,35,2,2141.000000000001,65.00000000000065,5415.700857083492,606.5745417029821,5,331,1.8189894035458565e-12,True,943.0121947375768,17.74943008678929,4e62a834266eabbf82a9bce7701f7573b64a1bde19a05b52b1f417b3b9a8ced6,0,0,0,6,0,0,0,762.7909644709225,76.27909644709234,2858.9548223546262,571.7909644709225,31,26,5,26,0,3,3,0,181.9999999999984,8.999999999999119,0.0,27
directional_endpoint_50011,L90,50011,directional,endpoint,43e2316af482ed7faabe753d3971a5b034cfd49b4f5e4fdc309b6a2b7e11e9b8,13,13,7135.94120848091,548.9185544985315,25954.70604240455,10240.721540757517,315,19,13,0,25,,True,14,72,2.0141355000669137,2.0940604000061285,272,259,43,16,1862.0,83.00000000000125,5190.941208480911,187.4298711540987,6,287,0.0,True,943.0121947375768,17.74943008678929,342dd9cf3cc2ddd29e7dec4bba2f837db28a898fa315275633a6aeb4fbbd1572,0,0,0,0,0,0,0,991.4443093150494,76.26494687038843,2902.221546575249,580.4443093150521,69,63,6,63,12,0,0,0,411.0,1.0373923942097463e-12,-1626.1854495203197,66
mixed_endpoint_50132,L30,50132,mixed,endpoint,c1af09da27cfa4f582dd28727f970f6aa474b0ad2e1397e47ef4a1087f18ab2e,15,15,7472.272990974517,498.15153273163446,28911.36495487257,13001.004673936348,269,22,15,0,25,,True,11,75,2.311686400062172,2.374344000010751,229,214,40,8,1594.0000000000032,96.0000000000007,5782.272990974519,147.24234496763074,7,249,2.7284841053187847e-12,True,943.0121947375768,17.74943008678929,cf6f8e06d3222560abe1c7acd98f8094d56298fff6fa635b82a5d4ec7ec58bfe,0,0,0,0,0,0,0,1135.2601712148798,75.68401141432525,4711.300856074387,942.2601712148817,30,26,4,26,2,4,4,0,181.00000000000432,11.99999999999936,147.24234496763074,31
directional_endpoint_50022,L30,50022,directional,endpoint,781421ac7467ee353a1905b9de44ffe27697038ecaa52aa1117414e22337ae46,10,10,7982.096824931822,798.2096824931822,29075.484124659102,13653.319844860574,332,60,10,1,25,,True,9,72,2.07121519985958,2.2534536000166554,293,283,39,15,1967.0,200.00000000000207,5815.096824931821,272.72320444055185,50,307,1.8189894035458565e-12,True,943.0121947375768,17.74943008678929,609ce8debf20bb725849968ceb65aeafef5a02e6556edefc2eda8143a1ef648e,0,0,0,0,0,0,0,756.493391047331,75.64933910473303,3227.466955236654,645.4933910473301,-4,-2,-2,-2,9,43,43,1,-18.00000000000091,129.00000000000227,-6.170421827532664,2
mixed_endpoint_50046,LC,50046,mixed,endpoint,89178c692d59a76cb24ff07ce44bc4a2414d1f388f06069f1e39b48d21ae2382,12,12,7747.428057951294,645.6190048292746,27927.14028975647,11012.375161711838,313,98,12,5,25,,True,5,67,1.588182999927085,1.726834000000963,278,266,35,16,1844.0,317.9999999999991,5585.428057951296,2369.153669505968,86,279,0.0,True,943.0121947375768,17.74943008678929,fe9d3070580d4fdbafeae7febca208e960b6bdee35b5461b869997f9dd72461b,0,0,0,0,0,0,45,893.274340198247,74.43952834985396,3531.371700991229,706.274340198248,-7,-10,3,-10,15,77,77,5,-43.99999999999886,230.9999999999984,248.10896261459447,-9
omni_endpoint_50025,L30,50025,omni,endpoint,706e7283bf67471c30df6ba8d8bdf497fd1208ec09df8b5cbe35b44a1afcc53b,14,14,6965.757655641583,497.55411826011306,27388.788278207925,11386.899790250263,235,23,14,0,25,,True,9,67,1.987083300133236,2.043328100000508,206,192,29,0,1391.0,96.99999999999744,5477.757655641583,385.4859740111824,9,216,-2.7284841053187847e-12,True,943.0121947375768,17.74943008678929,8e0365340284a039e33f2c66c43bedd01be77aaf5c44695c27a6407134931593,0,0,0,0,0,0,0,1008.2725404595712,72.01946717568364,4516.362702297865,903.2725404595712,15,23,-8,23,0,4,4,0,92.99999999999841,11.999999999998025,-256.01209976037626,18
mixed_smooth_50019,F120,50019,mixed,smooth,a40da7d1bc8e630826de30ba27788af20501d653dbea4e63d04c535dd53d883c,16,16,6327.230876148541,395.4519297592838,25121.154380742708,12174.25629730675,207,20,16,0,21,,True,8,62,0.9642245999129956,1.6615638000075703,161,145,46,2,1211.000000000001,91.99999999999902,5024.23087614854,0.0,4,176,-9.094947017729282e-13,True,943.0121947375768,17.74943008678929,cb95bcd3b2ebc2730f7895875e60b6d338bdbdb7b6a31ab9f1fdf756dd48e178,0,0,0,0,0,16,0,1152.1128126834947,72.00705079271842,5235.564063417467,1047.1128126834947,19,17,2,17,-2,0,0,0,105.0,-5.826450433232822e-13,0.0,10
mixed_endpoint_50026,M75,50026,mixed,endpoint,ecefd353b3fb48273c446ab76597cf262a57db6062c69bd625980bc16a6226bb,10,10,7034.90127014388,703.490127014388,24524.506350719403,8664.628009521517,350,13,10,0,25,,True,5,62,1.3631804000178818,1.4198995000042487,320,310,30,6,2070.999999999999,59.00000000000063,4904.9012701438805,377.6280259168616,3,321,-9.094947017729282e-13,True,943.0121947375768,17.74943008678929,9974fee529087f39cb32f42135ec9dfe883f8794345dca758a82f36f776b5e80,0,0,0,6,0,0,0,716.0885002068817,71.60885002068824,2540.4425010344057,508.0885002068817,36,34,2,34,1,-1,-1,0,210.99999999999955,-2.999999999999318,252.916890920058,31
directional_endpoint_50003,L90,50003,directional,endpoint,efb25c678f5feaa5dba2312c9efd774cec0f3cd7653113fa21026ce6e6a84177,15,15,8076.130956981477,538.4087304654317,29300.654784907387,12767.99319063638,335,67,15,1,25,,True,11,75,1.937478999956511,2.03782489997684,294,279,41,13,1984.999999999999,230.99999999999997,5860.130956981476,160.76967098312252,52,310,-9.094947017729282e-13,True,943.0121947375768,17.74943008678929,d272dc6979a921bcb5e67d17c4429691f4a3b0da876cf5fc97b71d3bdf3a6838,0,0,0,0,0,0,0,1063.9694483881276,70.93129655920848,2179.847241940639,435.9694483881276,80,77,3,77,9,49,49,1,480.9999999999993,147.0000000000005,-45.04146077024052,81
mixed_endpoint_50170,L90,50170,mixed,endpoint,a06a7697a184adeb11cb6689269a391ee02960484caebe09bc470d46fc33e23d,14,14,7709.095581194299,550.6496843710213,30730.477905971515,13764.393958840472,248,21,14,0,25,,True,15,68,3.4719732001249213,3.568361299985554,210,196,38,8,1471.9999999999975,90.99999999999822,6146.0955811943,197.15640876201724,7,232,-4.547473508864641e-12,True,943.0121947375768,17.74943008678929,ebc7ba83406a3cd9835a4c9dc08b05b83232df08acc4e35bbdd4fd429d3fee76,0,0,0,0,0,0,0,992.7127558242464,70.90805398744607,5693.563779121247,1138.7127558242482,-26,-24,-2,-24,2,1,1,0,-149.00000000000136,2.9999999999986784,197.15640876201724,-19
mixed_endpoint_50075,previous_best,50075,mixed,endpoint,e042ad4909d25051fb724251c12c28992fc8d5fbdefc3b5b78e03522ed6b9b2d,15,15,8162.27164025104,544.1514426834026,32226.35820125517,18108.135537837712,224,126,15,1,25,,True,24,77,3.2935628001287114,3.504366100009065,169,154,55,24,1308.9999999999986,408.0000000000067,6445.271640251041,263.61839110271103,111,189,4.547473508864641e-12,True,943.0121947375768,2.074856830987301,fab1b179cf348f313d924b2e3284210facb921025fb8dcbb9188bcfa002ba29f,24,9,0,0,0,0,0,1062.2253675379097,70.81502450252725,4401.126837689524,880.2253675379125,-14,-25,11,-25,12,92,92,0,-94.00000000000182,276.0000000000056,263.61839110271103,-24
mixed_endpoint_50099,previous_best,50099,mixed,endpoint,02c707ceeeecc573deb42609489ffaeb8cdad129491e84fede10ec9146b7f421,16,16,6432.562530475458,402.0351581547161,24887.8126523773,11913.655554300452,227,27,16,0,21,,True,20,70,3.3024541999329813,3.381428499997128,184,168,43,6,1341.9999999999998,112.99999999999892,4977.5625304754585,0.0,11,207,-1.8189894035458565e-12,True,943.0121947375768,2.074856830987301,ce04298bda15e3b63e45b90ff1edc85b11ee3f4f2b82b5d2925cc3caea42df72,20,13,0,0,0,0,0,1132.4717128535367,70.77948205334604,4457.358564267692,891.4717128535367,40,47,-7,47,3,1,1,0,237.99999999999932,2.999999999999673,0.0,38
directional_endpoint_50046,LPC,50046,directional,endpoint,a981d0b46d153c3bc16c4f0c080dc4b95c1eb74bc53f407349956a29045feb68,12,12,7712.123549842623,642.6769624868853,26270.61774921309,10430.177285240943,375,72,12,6,25,,True,12,63,2.0572752000880428,2.176751199993305,336,324,39,18,2218.0000000000027,240.00000000000227,5254.12354984262,0.0,60,343,5.4569682106375694e-12,True,943.0121947375768,17.74943008678929,31d4853dfd07482a481ecabe54a546a2290709af0276a61c91c2c6c8709491fa,12,0,0,0,12,0,9,845.3061253509868,70.44217711258227,2076.5306267548876,415.30612535098135,46,41,5,41,16,52,52,6,274.0000000000043,156.00000000000335,-1595.178073129532,44
mixed_endpoint_50129,L90,50129,mixed,endpoint,2587af8dfe9b97192481c2861dc059d08a336536f3b14c9c5f0e06102286de46,15,15,7383.501796889911,492.23345312599406,27467.508984449574,14593.52923826859,301,25,15,0,25,,True,9,78,2.649442100111628,2.715345200005686,263,248,38,8,1784.9999999999975,104.99999999999912,5493.501796889914,0.0,10,280,-4.547473508864641e-12,True,943.0121947375768,17.74943008678929,b7ab86cf827e63cd26f00e7588f3da367e33f7eba97137b55bba086ba3ab0487,0,0,0,0,0,0,0,1051.2085174221274,70.0805678281418,3801.0425871106527,760.2085174221302,45,46,-1,46,4,5,5,0,275.9999999999966,14.999999999999474,-301.2494393456418,51
omni_endpoint_50030,L90,50030,omni,endpoint,da12d01a7a57eb6d41f18133de466147d9b05d6fc1b096ea00016f7065f40dcf,10,10,6927.030354107735,692.7030354107735,24770.151770538672,8413.730646823595,321,14,10,0,25,,True,8,48,1.140681999939261,1.1992456000007223,303,293,18,0,1910.9999999999995,61.999999999999886,4954.030354107736,1310.877603145443,4,306,0.0,True,943.0121947375768,17.74943008678929,4379c9c1a6c7d00939977f7c747b70db425d7b8282c5255e2dfc94f971bed336,0,0,0,0,0,0,0,696.5051812569618,69.65051812569618,2777.5259062848163,555.5051812569627,21,31,-10,31,0,2,2,0,134.9999999999984,6.000000000000227,1132.4343016051273,30
omni_endpoint_50018,L90,50018,omni,endpoint,d7f1ad14804f354809f886a97350461388ba3762a6af3c34681ddb195e5a263d,11,11,6739.575583696703,612.6886894269729,24582.87791848351,9012.867319865092,292,24,11,0,25,,True,8,68,1.5573695001658052,1.606635300006019,264,253,28,0,1728.9999999999998,94.0,4916.575583696704,1659.7943263542784,13,269,9.094947017729282e-13,True,943.0121947375768,17.74943008678929,c409d390e8bf21385d7c70fa49777a06320553ba0769fee5d94cff71dd1709ce,0,0,0,0,0,0,0,757.0641719085452,68.82401562804955,3315.320859542724,663.0641719085461,10,9,1,9,0,11,11,0,60.999999999998636,33.0,1542.6223758929973,11
mixed_endpoint_50068,previous_best,50068,mixed,endpoint,59716a1d1d00d09c2abafa1b2eb8a5a87dfed90e91db570294b0280d834ef9f6,14,14,8302.92177948436,593.06584139174,31744.608897421804,15791.440229156118,255,142,14,2,25,,True,15,64,2.541394800064154,2.795217100006994,218,204,37,17,1499.9999999999995,453.9999999999969,6348.92177948436,251.60438816217265,128,225,0.0,True,943.0121947375768,2.074856830987301,dd3a4845dfc0b5c3efbe8090571b341778c07a52d488140d86093f0128d8afce,15,8,0,0,0,0,0,960.8318443830349,68.63084602735967,3104.1592219151753,620.8318443830349,-4,5,-9,5,7,121,121,2,-23.0,362.99999999999665,-57.76917667568705,-3
mixed_smooth_50007,previous_best,50007,mixed,smooth,eaa5144821b37be773c9fcf0ff61a9bcb911830e3c0e856a1a750994a15c1e38,13,13,7344.106828611465,564.9312945085742,25560.534143057317,10230.252893695037,363,16,13,0,25,,True,15,53,1.995812399953138,2.083571800001664,335,322,28,2,2158.0000000000014,73.99999999999903,5112.106828611465,0.0,3,343,2.7284841053187847e-12,True,943.0121947375768,2.074856830987301,0326517fc4e8829d93f33f694bf9bfa91aa0eb02f8fc0431f1910194c926d46a,15,7,0,0,0,0,0,886.0628621939877,68.15868170722979,2020.3143109699267,404.0628621939877,80,79,1,79,1,1,1,0,479.00000000000136,2.999999999999474,0.0,79
directional_endpoint_50009,L90,50009,directional,endpoint,7c8d084237f1146b5e466c19a9bcccb3ecdc6b61f9f7b4ed44947a5650aaec50,10,10,7529.98375819794,752.998375819794,26114.918790989694,8718.303539780962,379,12,10,0,25,,True,2,52,1.0022090999118518,1.066559099999722,361,351,18,5,2251.000000000002,56.000000000000256,5222.983758197939,813.2147072194548,2,356,9.094947017729282e-13,True,943.0121947375768,17.74943008678929,2ea36a9eb032848c4dd74fb54c9ff7205cae7f7ed72395e59fa8094a4526c48f,0,0,0,0,0,0,0,679.6705702936624,67.96705702936617,2858.352851468313,571.6705702936642,18,19,-1,19,1,0,0,0,108.0,-6.821210263296962e-13,1.278587266941031,18
mixed_endpoint_50165,L90,50165,mixed,endpoint,2f75e1c6abc81be0165be922014532c5200be5e65af0c4c3e3dd10d3cab6e15e,16,16,6050.646746681213,378.1654216675758,21153.233733406083,10645.884119673028,288,26,16,0,20,,True,13,74,2.458139600174036,2.5331423000025097,246,230,42,4,1709.9999999999984,109.99999999999964,4230.646746681216,0.0,10,270,-3.637978807091713e-12,True,943.0121947375768,17.74943008678929,ca7307c7a061e87fecf624969c22cc86a76864ffddee13cc8eefc21d7b762aee,0,0,0,0,0,0,0,1082.4806748560814,67.65504217850508,1332.4033742804313,266.4806748560859,134,137,-3,137,3,3,3,0,806.9999999999984,8.99999999999855,0.0,137
directional_endpoint_50020,L90,50020,directional,endpoint,73bdc1e1c16acfe4282cb1c917c545649dfbd5cd765ff2f1f28a54ec3987e2a5,10,10,7321.649912230543,732.1649912230544,26163.249561152723,9903.80076667132,343,12,10,0,25,,True,2,57,1.5516620001289994,1.6178824999951755,320,310,23,6,2032.9999999999989,55.999999999999886,5232.649912230543,264.51848395880825,2,318,-1.8189894035458565e-12,True,943.0121947375768,17.74943008678929,534b732f855d004b3c57918b8e40f609055edbe5b40edd7cf58a46d532447ef8,0,0,0,0,0,0,0,675.6269476018069,67.56269476018076,2923.1347380090374,584.626947601806,14,25,-11,25,1,0,0,0,90.99999999999977,6.679101716144942e-13,-1366.788149110034,21
mixed_endpoint_50089,L30,50089,mixed,endpoint,f992b300d3995be275161f941eb92eb5b44e4f2fa9b57fae9681096786812e2d,11,11,7610.106274757365,691.8278431597605,28075.531373786805,10025.11588136707,325,15,11,0,25,,True,6,63,1.8084922998968975,1.8732136000180617,295,284,30,7,1928.0000000000025,67.00000000000108,5615.106274757365,428.1721965678471,4,303,3.637978807091713e-12,True,943.0121947375768,17.74943008678929,4990e68f0eb08f41f0a965f566550baec203bbc12b5435e431b2abd75f0d29c6,0,0,0,0,0,0,0,739.1641282287883,67.19673892988988,4005.8206411439205,801.1641282287883,-11,-10,-1,-10,5,1,1,0,-64.99999999999704,3.0000000000008527,285.07328759224856,-10
mixed_endpoint_50166,L30,50166,mixed,endpoint,4f276e451144b8c07556595c2c7985ebe2be751120a1e397900f86b490bb4b0a,15,15,7553.264475134641,503.5509650089761,29741.322375673182,14958.434692105411,240,54,15,1,25,,True,9,72,2.4816300000529736,2.582580699992832,203,188,37,8,1413.0000000000011,192.00000000000404,5948.264475134633,0.0,39,213,4.547473508864641e-12,True,943.0121947375768,17.74943008678929,1c309b0839fc49c579b7d93ea65025046b6914c2b59376797b082b23ee5dca17,0,0,0,0,0,0,0,1003.95394924833,66.93026328322213,3859.7697462416218,771.9539492483236,21,13,8,13,7,37,37,1,121.00000000000114,111.0000000000038,0.0,16
mixed_endpoint_50120,L30,50120,mixed,endpoint,7d755cbf62e7b997a45f16d5e7cbd5da11f1d49eba6475f59eaf0b3df7327b15,16,16,6837.511032256508,427.3444395160317,27057.555161282515,13411.713623062931,223,24,16,0,21,,True,12,68,3.141827200015541,3.226889999990817,187,171,36,2,1322.000000000002,104.00000000000108,5411.511032256506,0.0,8,207,4.547473508864641e-12,True,943.0121947375768,17.74943008678929,0ebc3ba0e43dae2227805155d4c55453350d921f6a49996ebff7e5048e7a0f73,0,0,0,0,0,0,0,1070.2729753338754,66.89206095836721,4796.364876669348,959.2729753338735,14,13,1,13,0,7,7,0,90.00000000000205,21.000000000001265,0.0,20
mixed_endpoint_50177,L90,50177,mixed,endpoint,af16a5b1653e6bc91624eb3561e6945ceadc5a1ddbca4d717a1c40f2dea2c102,16,16,7047.76622473383,440.4853890458644,27168.83112366909,17956.361602174267,205,126,16,1,16,,True,10,80,3.0009584000799805,3.2035818999866024,156,140,49,15,1203.9999999999989,410.000000000002,5433.766224733829,0.0,110,179,1.2732925824820995e-11,True,943.0121947375768,17.74943008678929,013281f42c7dc039de4d3923b1128cb34b0b324ed7c0c6add37bb451748e1b89,0,0,0,0,0,0,0,1069.4542140909189,66.84088838068237,2662.2710704545243,532.4542140909152,38,34,4,34,8,103,103,1,227.99999999999932,309.0000000000035,0.0,38
