variant,label,cases,source_total,cleared_total,full_success,failures,ratio_sum_T_K,p95_T_over_K,paired_wins,paired_losses,paired_ties,worst_delta_T_over_K,worst_scene,delta_T_over_K,improvement_pct,movement_reduction_pct,probe_reduction_pct,mean_T,mean_T_over_K,mean_move_m,mean_movement_s,mean_n_measure,mean_discovery_measure,mean_refine_measure,mean_discovery_no_signal,mean_refine_no_signal,mean_failed_clears,mean_n_clear,mean_n_optical_fallback,mean_measure_s,mean_clear_s,mean_after_last_clear_s,mean_switches,ci95_delta_low,ci95_delta_high,block_signflip_p,independent_seed_blocks,holm_p
baseline,冻结基线 TRI25 + V4,400,5133,5133,400,0,530.8440950637333,696.2198889793643,0,0,400,0.0,mixed_endpoint_10000,0.0,0.0,0.0,0.0,6812.056849905359,543.5402015904275,24864.371749526792,4972.87434990536,297.985,263.79,34.195,250.9575,4.2325,4.3275,17.16,0.035,1762.0375,77.14500000000001,371.01998600653855,272.1125,0.0,0.0,1.0,200,1.0
nearest,A 就近任务调度,400,5133,5133,400,0,553.9688073546045,738.5259912168663,92,308,0,134.74706001137713,mixed_smooth_10029,24.521706933594878,-4.51147989823808,-5.910422218453926,-0.21729281675251233,7108.8047203779615,568.0619085240223,26333.961101889807,5266.792220377963,298.6325,262.815,35.8175,249.9825,4.155,4.94,17.7725,0.0425,1763.03,78.98250000000003,815.5624924531363,269.8675,19.913369650183608,28.93731321962293,9.999000099990002e-05,200,0.0018998100189981002
reuse,B 覆盖站复用定位,400,5133,5133,400,0,526.2985279218806,694.5098772808375,216,153,31,98.55284181149483,omni_endpoint_10017,-4.377175504961096,0.8053085111558222,1.0944071078100581,0.28273235229961946,6753.725859557532,539.1630260854663,24592.25429778766,4918.450859557533,297.1425,263.6625,33.48,250.83,4.3025,4.4175,17.25,0.0375,1757.86,77.415,333.8140670790126,272.1475,-6.889747007784891,-1.9340567614034694,0.00039996000399960006,200,0.0031996800319968005
early160,C 提前清除（160 m）,400,5133,5133,400,0,527.7757724995729,700.8319977206021,204,179,17,69.98046954513256,mixed_smooth_10030,-2.6658118234666652,0.49045347808064355,0.5087952665659312,1.1225397251539593,6772.68260060077,540.8743897669607,24737.863003003848,4947.57260060077,294.64,262.685,31.955,249.8525,4.1775,5.1175,17.95,0.02,1745.595,79.51500000000007,377.11412312655716,272.395,-5.245027914890547,-0.32874492538562017,0.030896910308969103,200,0.10358964103589641
nearest_reuse,A + B,400,5133,5133,400,0,547.5179567327306,730.1645480475219,111,289,0,156.34825256172252,mixed_endpoint_10081,17.959032847639854,-3.304085474283358,-4.265990148563525,-0.062083661929301925,7026.024179772765,561.4992344380673,25925.083398863826,5185.016679772765,298.17,263.135,35.035,250.3025,4.1275,5.16,17.9925,0.0375,1761.365,79.6425,761.2827498028829,270.515,13.529987463501023,22.09799404208943,9.999000099990002e-05,200,0.0018998100189981002
nearest_early,A + C,400,5133,5133,400,0,550.3872043902479,732.6148838715612,107,293,0,148.3354852603406,mixed_endpoint_10081,20.82792705203914,-3.831901852171282,-5.1959275914022385,0.7525546587915488,7062.843800337857,564.3681286424667,26156.306501689283,5231.261300337857,295.7425,262.86,32.8825,250.0275,4.08,5.885,18.7175,0.03,1749.765,81.81750000000007,786.5877154116001,271.0525,16.25228837967209,25.34200617908701,9.999000099990002e-05,200,0.0018998100189981002
reuse_early,B + C,400,5133,5133,400,0,525.7366365866377,696.9399120853252,232,165,3,74.6695594981428,mixed_endpoint_10160,-4.6949577469850405,0.8637737803473211,0.982408914238142,1.3037569005151184,6746.515388998028,538.8452438434424,24620.10194499014,4924.020388998028,294.1,262.48,31.62,249.6475,4.285,5.2075,18.04,0.0275,1742.71,79.7850000000001,381.3225089254019,272.21,-8.266452086182664,-1.482168203460812,0.0038996100389961006,200,0.023397660233976603
full,A + B + C,400,5133,5133,400,0,545.3863076380538,723.6684500094328,120,280,0,127.11453876881342,mixed_endpoint_10121,15.620452137515526,-2.8738356595904513,-3.9803527885986956,1.036125979495628,6998.669792765327,559.160653727943,25854.061463826634,5170.812292765327,294.8975,262.42,32.4775,249.5875,4.1125,6.1225,18.955,0.0375,1745.3275,82.53000000000006,715.060192338108,270.84,11.052959132083629,19.86378225023184,9.999000099990002e-05,200,0.0018998100189981002
probe_off,关闭已发现频道顺路探测,400,5133,5133,400,0,550.4207660525581,724.7003326627643,48,322,30,143.09801499199352,mixed_smooth_10045,19.766676857265075,-3.636654068903611,-5.230981363304332,0.7668171216672071,7063.27448036945,563.3068784476926,26165.02240184725,5233.004480369451,295.7,261.2775,34.4225,248.445,4.615,6.63,19.4625,0.0975,1746.2175,84.0525000000001,372.87084683684765,267.7175,16.689818322800516,22.89166607681522,9.999000099990002e-05,200,0.0018998100189981002
probe_strict,收紧顺路探测门槛,400,5133,5133,400,0,537.666364003939,708.9682462559094,92,257,51,143.00172847946965,mixed_smooth_10045,6.882159876701812,-1.2661731103907892,-1.7777297384734547,0.16192090205883192,6899.603616080546,550.4223614671293,25306.39308040273,5061.278616080546,297.5025,263.4975,34.005,250.665,4.015,5.29,18.1225,0.065,1758.2925,80.03249999999997,362.22492910415605,270.78,5.1501060865392265,8.686480355457663,9.999000099990002e-05,200,0.0018998100189981002
probe_loose,放宽顺路探测门槛,400,5133,5133,400,0,530.8091670321554,696.2198889793643,132,148,120,67.75124307365115,mixed_endpoint_10066,-0.041562923520512385,0.007646706425568084,0.09311946450675235,-0.1778613017433761,6811.608635940135,543.4986386669069,24841.218179700674,4968.2436359401345,298.515,263.7825,34.7325,250.95,4.515,4.5325,17.365,0.03,1765.605,77.76,385.027088877763,273.03,-1.0153330629089254,0.9769880187043996,0.9386061393860614,200,0.9386061393860614
early120,提前清除（120 m）,400,5133,5133,400,0,528.6561422779554,693.8179152278941,205,149,46,73.74302136060317,mixed_endpoint_10035,-2.0821369483766876,0.38306953971101176,0.37371553785290335,0.7231907646358171,6783.979945781862,541.4580646420508,24771.449728909312,4954.289945781862,295.83,262.75,33.08,249.9175,4.2325,4.8025,17.635,0.0225,1751.12,78.57000000000004,377.81636197319114,271.97,-4.240712419029004,0.043971877842741196,0.0648935106489351,200,0.1297870212978702
early220,提前清除（220 m）,400,5133,5133,400,0,527.1547012333656,705.505878174956,197,196,7,67.33220525761305,mixed_endpoint_10184,-3.189581323926587,0.5868160836298264,0.6952045013736141,1.1661660821853492,6764.712703577164,540.3506202665009,24691.51351788582,4938.302703577164,294.51,263.3975,31.1125,250.565,4.2625,5.375,18.2075,0.0125,1746.1225,80.2875,375.94011516748577,273.5725,-5.975696347848151,-0.5738327660275003,0.0178982101789821,200,0.08949105089491051
center_route,按源中心规划联合路线,400,5133,5133,400,0,526.5090760802781,697.9281944750369,229,171,0,101.77732805176015,boundary_endpoint_10045,-4.365370405222544,0.8031366203363088,0.5418220773203974,1.9808044029062,6756.427718800169,539.174831185205,24729.65109400084,4945.930218800169,292.0825,264.1025,27.98,251.27,4.9075,5.1775,18.01,0.0275,1730.8025,79.695,321.9916052273874,270.39,-8.223514710001735,-0.59070082093262,0.025897410258974102,200,0.10358964103589641
finish_source,选中一个源后连续清除,400,5133,5133,400,0,624.25255150412,794.8200036507056,10,388,2,234.6083068578996,mixed_endpoint_10184,94.25482211965857,-17.340910910336337,-24.361796257617428,0.37921371881134425,8010.72086717662,637.7950237100861,30921.7793358831,6184.355867176621,296.855,262.605,34.25,249.7725,4.4775,6.93,19.7625,0.1225,1741.4125000000006,84.95249999999996,1393.6413992368823,257.1375,89.19328187620272,99.28642027996311,9.999000099990002e-05,200,0.0018998100189981002
compact,仅外圈半径 1950→1900 m,400,5133,5133,400,0,523.7467556592956,695.5982488301959,333,66,1,39.703333370863334,mixed_endpoint_10096,-7.281920410504394,1.3397206663273709,1.8257872915927953,-0.015940399684555295,6720.9802419979105,536.2582811799231,24410.40120998955,4882.08024199791,298.0325,263.73,34.3025,250.8975,4.3525,4.125,16.9575,0.03,1762.3625,76.53750000000004,352.814293546806,272.2,-8.73297882004415,-5.814884700651023,9.999000099990002e-05,200,0.0018998100189981002
full_compact,A + B + C + 外圈微调,400,5133,5133,400,0,536.4035622182979,712.8642352284576,156,244,0,95.14804795213854,mixed_endpoint_10045,6.374018715156718,-1.1726857915028033,-1.5397908105682534,0.692148933671155,6883.398712166308,549.9142203055842,25247.23106083154,5049.446212166308,295.9225,263.5975,32.325,250.765,4.165,5.9825,18.815,0.0325,1751.8425,82.11,674.0432817745505,272.23,2.1539820972778925,10.437009139476627,0.0021997800219978004,200,0.015398460153984602
every_stop,A + B + C，每次停车扫未知频道,400,5133,5133,400,0,735.7838590644535,980.7178405342628,1,399,0,441.98000288759795,mixed_endpoint_10059,210.59912374962317,-38.74582287260424,-2.551784191805595,-140.28977968689696,9441.9463714446,754.1393253400506,25498.856857223,5099.7713714446,716.0275,682.9475,33.08,670.115,4.15,6.5625,19.395,0.035,4258.325,83.84999999999997,762.0397034039275,678.1875,201.05812070043547,219.62499585837432,9.999000099990002e-05,200,0.0018998100189981002
proxy_compact,源中心路线 + 外圈微调,400,5133,5133,400,0,518.0798014748735,693.1940311593694,265,135,0,110.13364414594821,boundary_endpoint_10016,-12.949310241167456,2.382401559862013,2.7036737311008974,2.004295518230792,6648.259052426314,530.59089134926,24192.12026213157,4838.424052426314,292.0125,263.96,28.0525,251.1275,5.04,5.0675,17.9,0.0275,1730.47,79.36500000000001,320.98829652456993,270.4075,-16.980742097498016,-9.090735784920069,9.999000099990002e-05,200,0.0018998100189981002
proxy_reuse_early_compact,源中心路线 + B + C + 外圈微调,400,5133,5133,400,0,516.8213051652274,690.7510272625608,275,125,0,113.37082469629934,boundary_endpoint_10016,-14.250271542633918,2.6217511604361476,3.138023211375729,1.8440525529808571,6632.10939853278,529.2899300477935,24084.1219926639,4816.82439853278,292.49,265.285,27.205,252.4525,5.105,5.5425,18.375,0.015,1734.495,80.79000000000005,317.3706803588925,272.045,-17.879095685126096,-10.699382047772565,9.999000099990002e-05,200,0.0018998100189981002
